comparison,reference,from,to,p_comp,p_ref,delta,combined_count,p_value,fdr_significant
H_LLM_roleplay_chat,HH_real_chat,CL:Opening,CL:Empathy,0.0985,0.0,0.0985,64,0.0005,True
H_LLM_roleplay_chat,HH_real_chat,CL:Opening,CL:Clarify,0.3954,0.1316,0.2638,272,0.0005,True
H_LLM_roleplay_chat,HH_real_chat,CL:Opening,CL:Objectives,0.1123,0.0175,0.0948,75,0.0005,True
H_LLM_roleplay_chat,HH_real_chat,CL:Opening,CL:Resources,0.0138,0.0088,0.0051,10,1.0,False
H_LLM_roleplay_chat,HH_real_chat,CL:Opening,CL:Help,0.0446,0.0088,0.0358,30,0.0005,True
H_LLM_roleplay_chat,HH_real_chat,CL:Opening,CL:Other,0.0538,0.1667,-0.1128,54,0.0965,False
H_LLM_roleplay_chat,HH_real_chat,CL:Opening,CO:Opening,0.2446,0.1404,0.1043,175,0.0735,False
H_LLM_roleplay_chat,HH_real_chat,CL:Opening,CO:Moderation,0.0092,0.2895,-0.2802,39,0.0005,True
H_LLM_roleplay_chat,HH_real_chat,CL:Opening,CO:Clarify,0.0092,0.0702,-0.0609,14,0.2014,False
H_LLM_roleplay_chat,HH_real_chat,CL:Empathy,CL:Clarify,0.2002,0.2353,-0.0351,199,0.7471,False
H_LLM_roleplay_chat,HH_real_chat,CL:Empathy,CL:Objectives,0.0895,0.0353,0.0542,83,0.2274,False
H_LLM_roleplay_chat,HH_real_chat,CL:Empathy,CL:Motivation,0.038,0.0118,0.0263,35,0.2574,False
H_LLM_roleplay_chat,HH_real_chat,CL:Empathy,CL:Resources,0.0246,0.0,0.0246,22,0.0005,True
H_LLM_roleplay_chat,HH_real_chat,CL:Empathy,CL:Help,0.0515,0.0471,0.0044,50,0.8966,False
H_LLM_roleplay_chat,HH_real_chat,CL:Empathy,CL:Other,0.0604,0.0824,-0.022,61,0.7616,False
H_LLM_roleplay_chat,HH_real_chat,CL:Empathy,CO:Opening,0.0268,0.0118,0.0151,25,1.0,False
H_LLM_roleplay_chat,HH_real_chat,CL:Empathy,CO:Moderation,0.0168,0.0,0.0168,15,0.0005,True
H_LLM_roleplay_chat,HH_real_chat,CL:Empathy,CO:Clarify,0.2069,0.2824,-0.0754,209,0.4358,False
H_LLM_roleplay_chat,HH_real_chat,CL:Empathy,CO:Objectives,0.0123,0.0118,0.0005,12,1.0,False
H_LLM_roleplay_chat,HH_real_chat,CL:Empathy,CO:Motivation,0.0593,0.0,0.0593,53,0.0005,True
H_LLM_roleplay_chat,HH_real_chat,CL:Empathy,CO:Help,0.0459,0.0471,-0.0012,45,0.9505,False
H_LLM_roleplay_chat,HH_real_chat,CL:Empathy,CO:Other,0.0872,0.1647,-0.0775,92,0.3068,False
H_LLM_roleplay_chat,HH_real_chat,CL:Clarify,CL:Opening,0.0005,0.0247,-0.0242,53,0.0005,True
H_LLM_roleplay_chat,HH_real_chat,CL:Clarify,CL:Empathy,0.034,0.0151,0.0189,291,0.002,True
H_LLM_roleplay_chat,HH_real_chat,CL:Clarify,CL:Objectives,0.1307,0.0237,0.1069,1049,0.0005,True
H_LLM_roleplay_chat,HH_real_chat,CL:Clarify,CL:Motivation,0.0666,0.0469,0.0197,604,0.095,False
H_LLM_roleplay_chat,HH_real_chat,CL:Clarify,CL:Resources,0.0352,0.0101,0.0251,290,0.0005,True
H_LLM_roleplay_chat,HH_real_chat,CL:Clarify,CL:Help,0.0613,0.0691,-0.0078,607,0.5647,False
H_LLM_roleplay_chat,HH_real_chat,CL:Clarify,CL:Closing,0.0209,0.0025,0.0183,165,0.0005,True
H_LLM_roleplay_chat,HH_real_chat,CL:Clarify,CL:Other,0.0642,0.1004,-0.0362,691,0.0445,False
H_LLM_roleplay_chat,HH_real_chat,CL:Clarify,CO:Opening,0.0226,0.0101,0.0125,193,0.0325,False
H_LLM_roleplay_chat,HH_real_chat,CL:Clarify,CO:Moderation,0.0236,0.0399,-0.0163,260,0.1264,False
H_LLM_roleplay_chat,HH_real_chat,CL:Clarify,CO:Clarify,0.121,0.171,-0.05,1267,0.1049,False
H_LLM_roleplay_chat,HH_real_chat,CL:Clarify,CO:Objectives,0.0126,0.0126,0.0,122,0.992,False
H_LLM_roleplay_chat,HH_real_chat,CL:Clarify,CO:Motivation,0.0318,0.0227,0.0091,289,0.2599,False
H_LLM_roleplay_chat,HH_real_chat,CL:Clarify,CO:Resources,0.0044,0.0106,-0.0062,55,0.1899,False
H_LLM_roleplay_chat,HH_real_chat,CL:Clarify,CO:Help,0.0235,0.0368,-0.0134,253,0.2929,False
H_LLM_roleplay_chat,HH_real_chat,CL:Clarify,CO:Closing,0.003,0.0045,-0.0015,32,0.7031,False
H_LLM_roleplay_chat,HH_real_chat,CL:Clarify,CO:Other,0.0416,0.0974,-0.0558,512,0.009,True
H_LLM_roleplay_chat,HH_real_chat,CL:Objectives,CL:Empathy,0.0189,0.0148,0.0041,68,0.97,False
H_LLM_roleplay_chat,HH_real_chat,CL:Objectives,CL:Clarify,0.1568,0.2906,-0.1338,599,0.0415,False
H_LLM_roleplay_chat,HH_real_chat,CL:Objectives,CL:Motivation,0.0566,0.0591,-0.0025,207,0.952,False
H_LLM_roleplay_chat,HH_real_chat,CL:Objectives,CL:Resources,0.0372,0.0049,0.0323,129,0.0005,True
H_LLM_roleplay_chat,HH_real_chat,CL:Objectives,CL:Help,0.0482,0.0493,-0.001,176,0.9785,False
H_LLM_roleplay_chat,HH_real_chat,CL:Objectives,CL:Closing,0.0264,0.0,0.0264,91,0.0005,True
H_LLM_roleplay_chat,HH_real_chat,CL:Objectives,CL:Other,0.0378,0.0985,-0.0608,150,0.2759,False
H_LLM_roleplay_chat,HH_real_chat,CL:Objectives,CO:Opening,0.0206,0.0148,0.0058,74,0.9195,False
H_LLM_roleplay_chat,HH_real_chat,CL:Objectives,CO:Moderation,0.0427,0.0246,0.0181,152,0.3918,False
H_LLM_roleplay_chat,HH_real_chat,CL:Objectives,CO:Clarify,0.1571,0.1232,0.034,566,0.5232,False
H_LLM_roleplay_chat,HH_real_chat,CL:Objectives,CO:Objectives,0.0372,0.0099,0.0273,130,0.003,True
H_LLM_roleplay_chat,HH_real_chat,CL:Objectives,CO:Motivation,0.0473,0.0394,0.0079,171,0.7931,False
H_LLM_roleplay_chat,HH_real_chat,CL:Objectives,CO:Resources,0.0084,0.0049,0.0035,30,1.0,False
H_LLM_roleplay_chat,HH_real_chat,CL:Objectives,CO:Help,0.0433,0.0443,-0.0011,158,0.9715,False
H_LLM_roleplay_chat,HH_real_chat,CL:Objectives,CO:Closing,0.0052,0.0099,-0.0046,20,0.4963,False
H_LLM_roleplay_chat,HH_real_chat,CL:Objectives,CO:Other,0.106,0.1527,-0.0467,396,0.3698,False
H_LLM_roleplay_chat,HH_real_chat,CL:Motivation,CL:Empathy,0.0189,0.0124,0.0065,37,0.7581,False
H_LLM_roleplay_chat,HH_real_chat,CL:Motivation,CL:Clarify,0.1535,0.2893,-0.1358,346,0.037,False
H_LLM_roleplay_chat,HH_real_chat,CL:Motivation,CL:Objectives,0.1129,0.0331,0.0798,211,0.0005,True
H_LLM_roleplay_chat,HH_real_chat,CL:Motivation,CL:Resources,0.0384,0.0041,0.0342,70,0.0005,True
H_LLM_roleplay_chat,HH_real_chat,CL:Motivation,CL:Help,0.0612,0.0579,0.0033,124,0.91,False
H_LLM_roleplay_chat,HH_real_chat,CL:Motivation,CL:Closing,0.0395,0.0041,0.0354,72,0.0005,True
H_LLM_roleplay_chat,HH_real_chat,CL:Motivation,CL:Other,0.0373,0.0909,-0.0536,89,0.3773,False
H_LLM_roleplay_chat,HH_real_chat,CL:Motivation,CO:Moderation,0.0373,0.0124,0.0249,70,0.1309,False
H_LLM_roleplay_chat,HH_real_chat,CL:Motivation,CO:Clarify,0.1502,0.1488,0.0014,306,0.9725,False
H_LLM_roleplay_chat,HH_real_chat,CL:Motivation,CO:Objectives,0.0256,0.0083,0.0173,48,0.1929,False
H_LLM_roleplay_chat,HH_real_chat,CL:Motivation,CO:Motivation,0.074,0.0289,0.045,140,0.0425,False
H_LLM_roleplay_chat,HH_real_chat,CL:Motivation,CO:Resources,0.0078,0.0,0.0078,14,0.0005,True
H_LLM_roleplay_chat,HH_real_chat,CL:Motivation,CO:Help,0.0356,0.0661,-0.0305,80,0.3423,False
H_LLM_roleplay_chat,HH_real_chat,CL:Motivation,CO:Closing,0.015,0.0083,0.0068,29,0.4913,False
H_LLM_roleplay_chat,HH_real_chat,CL:Motivation,CO:Other,0.1085,0.1157,-0.0072,223,0.914,False
H_LLM_roleplay_chat,HH_real_chat,CL:Resources,CL:Empathy,0.0307,0.0152,0.0155,53,1.0,False
H_LLM_roleplay_chat,HH_real_chat,CL:Resources,CL:Clarify,0.1222,0.2424,-0.1202,223,0.3098,False
H_LLM_roleplay_chat,HH_real_chat,CL:Resources,CL:Objectives,0.1795,0.0909,0.0885,310,0.2064,False
H_LLM_roleplay_chat,HH_real_chat,CL:Resources,CL:Motivation,0.0874,0.0455,0.0419,151,0.3358,False
H_LLM_roleplay_chat,HH_real_chat,CL:Resources,CL:Help,0.0933,0.0152,0.0781,159,0.0005,True
H_LLM_roleplay_chat,HH_real_chat,CL:Resources,CL:Closing,0.039,0.0,0.039,66,0.0005,True
H_LLM_roleplay_chat,HH_real_chat,CL:Resources,CL:Other,0.0626,0.0909,-0.0283,112,0.6332,False
H_LLM_roleplay_chat,HH_real_chat,CL:Resources,CO:Moderation,0.0153,0.0,0.0153,26,0.0005,True
H_LLM_roleplay_chat,HH_real_chat,CL:Resources,CO:Clarify,0.0697,0.2576,-0.1879,135,0.1374,False
H_LLM_roleplay_chat,HH_real_chat,CL:Resources,CO:Objectives,0.0189,0.0152,0.0037,33,1.0,False
H_LLM_roleplay_chat,HH_real_chat,CL:Resources,CO:Motivation,0.0484,0.0455,0.003,85,0.993,False
H_LLM_roleplay_chat,HH_real_chat,CL:Resources,CO:Resources,0.0159,0.0152,0.0008,28,1.0,False
H_LLM_roleplay_chat,HH_real_chat,CL:Resources,CO:Help,0.0277,0.0152,0.0126,48,1.0,False
H_LLM_roleplay_chat,HH_real_chat,CL:Resources,CO:Closing,0.0083,0.0,0.0083,14,0.0005,True
H_LLM_roleplay_chat,HH_real_chat,CL:Resources,CO:Other,0.0815,0.0758,0.0057,143,0.9335,False
H_LLM_roleplay_chat,HH_real_chat,CL:Help,CL:Opening,0.0013,0.0244,-0.0232,15,0.062,False
H_LLM_roleplay_chat,HH_real_chat,CL:Help,CL:Empathy,0.0248,0.0156,0.0092,85,0.4928,False
H_LLM_roleplay_chat,HH_real_chat,CL:Help,CL:Clarify,0.1196,0.1978,-0.0781,466,0.061,False
H_LLM_roleplay_chat,HH_real_chat,CL:Help,CL:Objectives,0.112,0.0267,0.0854,365,0.0005,True
H_LLM_roleplay_chat,HH_real_chat,CL:Help,CL:Motivation,0.0892,0.0422,0.047,300,0.0285,False
H_LLM_roleplay_chat,HH_real_chat,CL:Help,CL:Resources,0.0492,0.0089,0.0403,159,0.0005,True
H_LLM_roleplay_chat,HH_real_chat,CL:Help,CL:Closing,0.099,0.0267,0.0723,324,0.0005,True
H_LLM_roleplay_chat,HH_real_chat,CL:Help,CL:Other,0.0701,0.1,-0.0299,266,0.4028,False
H_LLM_roleplay_chat,HH_real_chat,CL:Help,CO:Opening,0.0035,0.0111,-0.0076,16,0.5387,False
H_LLM_roleplay_chat,HH_real_chat,CL:Help,CO:Moderation,0.0216,0.0533,-0.0318,92,0.1629,False
H_LLM_roleplay_chat,HH_real_chat,CL:Help,CO:Clarify,0.0673,0.1356,-0.0683,273,0.0925,False
H_LLM_roleplay_chat,HH_real_chat,CL:Help,CO:Objectives,0.014,0.0089,0.0051,48,0.6122,False
H_LLM_roleplay_chat,HH_real_chat,CL:Help,CO:Motivation,0.0406,0.0356,0.0051,144,0.7846,False
H_LLM_roleplay_chat,HH_real_chat,CL:Help,CO:Resources,0.0051,0.0111,-0.006,21,0.5042,False
H_LLM_roleplay_chat,HH_real_chat,CL:Help,CO:Help,0.019,0.06,-0.041,87,0.0435,False
H_LLM_roleplay_chat,HH_real_chat,CL:Help,CO:Closing,0.0209,0.0333,-0.0124,81,0.4563,False
H_LLM_roleplay_chat,HH_real_chat,CL:Help,CO:Other,0.0571,0.12,-0.0629,234,0.0735,False
H_LLM_roleplay_chat,HH_real_chat,CL:Closing,CL:Clarify,0.0512,0.1923,-0.1411,60,0.2314,False
H_LLM_roleplay_chat,HH_real_chat,CL:Closing,CL:Objectives,0.0799,0.0,0.0799,78,0.0005,True
H_LLM_roleplay_chat,HH_real_chat,CL:Closing,CL:Motivation,0.0492,0.0,0.0492,48,0.0005,True
H_LLM_roleplay_chat,HH_real_chat,CL:Closing,CL:Resources,0.0441,0.0,0.0441,43,0.0005,True
H_LLM_roleplay_chat,HH_real_chat,CL:Closing,CL:Help,0.1557,0.1154,0.0404,158,0.7216,False
H_LLM_roleplay_chat,HH_real_chat,CL:Closing,CL:Other,0.0543,0.0577,-0.0034,56,0.984,False
H_LLM_roleplay_chat,HH_real_chat,CL:Closing,CO:Opening,0.0113,0.0385,-0.0272,13,0.4903,False
H_LLM_roleplay_chat,HH_real_chat,CL:Closing,CO:Moderation,0.0451,0.0769,-0.0318,48,0.7606,False
H_LLM_roleplay_chat,HH_real_chat,CL:Closing,CO:Clarify,0.0635,0.1154,-0.0519,68,0.6417,False
H_LLM_roleplay_chat,HH_real_chat,CL:Closing,CO:Objectives,0.0154,0.0,0.0154,15,0.0005,True
H_LLM_roleplay_chat,HH_real_chat,CL:Closing,CO:Motivation,0.0492,0.0962,-0.047,53,0.5162,False
H_LLM_roleplay_chat,HH_real_chat,CL:Closing,CO:Help,0.0287,0.0962,-0.0675,33,0.4403,False
H_LLM_roleplay_chat,HH_real_chat,CL:Closing,CO:Closing,0.0789,0.1346,-0.0557,84,0.6032,False
H_LLM_roleplay_chat,HH_real_chat,CL:Closing,CO:Other,0.1014,0.0385,0.063,101,0.4198,False
H_LLM_roleplay_chat,HH_real_chat,CL:Other,CL:Opening,0.0058,0.0107,-0.0049,16,0.5207,False
H_LLM_roleplay_chat,HH_real_chat,CL:Other,CL:Empathy,0.0129,0.0107,0.0022,27,0.8761,False
H_LLM_roleplay_chat,HH_real_chat,CL:Other,CL:Clarify,0.148,0.263,-0.115,402,0.0005,True
H_LLM_roleplay_chat,HH_real_chat,CL:Other,CL:Objectives,0.0669,0.0336,0.0333,126,0.0445,False
H_LLM_roleplay_chat,HH_real_chat,CL:Other,CL:Motivation,0.036,0.0382,-0.0022,81,0.8821,False
H_LLM_roleplay_chat,HH_real_chat,CL:Other,CL:Resources,0.0264,0.0061,0.0203,45,0.0005,True
H_LLM_roleplay_chat,HH_real_chat,CL:Other,CL:Help,0.0566,0.0657,-0.0091,131,0.6672,False
H_LLM_roleplay_chat,HH_real_chat,CL:Other,CL:Closing,0.0322,0.0076,0.0245,55,0.0005,True
H_LLM_roleplay_chat,HH_real_chat,CL:Other,CO:Opening,0.0277,0.0107,0.017,50,0.0625,False
H_LLM_roleplay_chat,HH_real_chat,CL:Other,CO:Moderation,0.0199,0.0474,-0.0275,62,0.1914,False
H_LLM_roleplay_chat,HH_real_chat,CL:Other,CO:Clarify,0.1609,0.1697,-0.0088,361,0.8221,False
H_LLM_roleplay_chat,HH_real_chat,CL:Other,CO:Objectives,0.0154,0.0031,0.0124,26,0.001,True
H_LLM_roleplay_chat,HH_real_chat,CL:Other,CO:Motivation,0.0701,0.0214,0.0487,123,0.0005,True
H_LLM_roleplay_chat,HH_real_chat,CL:Other,CO:Resources,0.0174,0.0046,0.0128,30,0.005,True
H_LLM_roleplay_chat,HH_real_chat,CL:Other,CO:Help,0.036,0.0352,0.0009,79,0.9615,False
H_LLM_roleplay_chat,HH_real_chat,CL:Other,CO:Closing,0.0154,0.0122,0.0032,32,0.7031,False
H_LLM_roleplay_chat,HH_real_chat,CL:Other,CO:Other,0.1236,0.1055,0.018,261,0.6617,False
H_LLM_roleplay_chat,HH_real_chat,CO:Opening,CL:Opening,0.0434,0.1031,-0.0597,56,0.7861,False
H_LLM_roleplay_chat,HH_real_chat,CO:Opening,CL:Clarify,0.1132,0.1704,-0.0572,124,0.2964,False
H_LLM_roleplay_chat,HH_real_chat,CO:Opening,CL:Help,0.0289,0.0583,-0.0293,35,0.3803,False
H_LLM_roleplay_chat,HH_real_chat,CO:Opening,CL:Other,0.0092,0.0359,-0.0267,15,0.6267,False
H_LLM_roleplay_chat,HH_real_chat,CO:Opening,CO:Moderation,0.1368,0.0628,0.0741,118,0.008,True
H_LLM_roleplay_chat,HH_real_chat,CO:Opening,CO:Clarify,0.2908,0.1883,0.1024,263,0.047,False
H_LLM_roleplay_chat,HH_real_chat,CO:Opening,CO:Objectives,0.0171,0.009,0.0081,15,0.7206,False
H_LLM_roleplay_chat,HH_real_chat,CO:Opening,CO:Motivation,0.0789,0.0359,0.0431,68,0.0505,False
H_LLM_roleplay_chat,HH_real_chat,CO:Opening,CO:Resources,0.0184,0.0045,0.0139,15,0.3273,False
H_LLM_roleplay_chat,HH_real_chat,CO:Opening,CO:Help,0.0539,0.0673,-0.0133,56,0.988,False
H_LLM_roleplay_chat,HH_real_chat,CO:Opening,CO:Closing,0.0184,0.0179,0.0005,18,0.9945,False
H_LLM_roleplay_chat,HH_real_chat,CO:Opening,CO:Other,0.0329,0.1614,-0.1285,61,0.9235,False
H_LLM_roleplay_chat,HH_real_chat,CO:Moderation,CL:Opening,0.0103,0.0023,0.008,19,0.0005,True
H_LLM_roleplay_chat,HH_real_chat,CO:Moderation,CL:Empathy,0.0029,0.0139,-0.011,11,0.3078,False
H_LLM_roleplay_chat,HH_real_chat,CO:Moderation,CL:Clarify,0.0825,0.1501,-0.0676,209,0.0585,False
H_LLM_roleplay_chat,HH_real_chat,CO:Moderation,CL:Objectives,0.0372,0.0162,0.0211,72,0.098,False
H_LLM_roleplay_chat,HH_real_chat,CO:Moderation,CL:Motivation,0.0126,0.0092,0.0034,26,0.6082,False
H_LLM_roleplay_chat,HH_real_chat,CO:Moderation,CL:Resources,0.0223,0.0023,0.02,40,0.0005,True
H_LLM_roleplay_chat,HH_real_chat,CO:Moderation,CL:Help,0.0762,0.1201,-0.0439,185,0.1309,False
H_LLM_roleplay_chat,HH_real_chat,CO:Moderation,CL:Closing,0.016,0.0092,0.0068,32,0.5742,False
H_LLM_roleplay_chat,HH_real_chat,CO:Moderation,CL:Other,0.0223,0.0808,-0.0585,74,0.1129,False
H_LLM_roleplay_chat,HH_real_chat,CO:Moderation,CO:Opening,0.0137,0.1386,-0.1248,84,0.001,True
H_LLM_roleplay_chat,HH_real_chat,CO:Moderation,CO:Clarify,0.248,0.0901,0.1579,472,0.0005,True
H_LLM_roleplay_chat,HH_real_chat,CO:Moderation,CO:Objectives,0.0825,0.0208,0.0617,153,0.0005,True
H_LLM_roleplay_chat,HH_real_chat,CO:Moderation,CO:Motivation,0.0292,0.0346,-0.0054,66,0.7731,False
H_LLM_roleplay_chat,HH_real_chat,CO:Moderation,CO:Resources,0.0195,0.0092,0.0102,38,0.2749,False
H_LLM_roleplay_chat,HH_real_chat,CO:Moderation,CO:Help,0.0733,0.0508,0.0225,150,0.3698,False
H_LLM_roleplay_chat,HH_real_chat,CO:Moderation,CO:Closing,0.0515,0.0115,0.04,95,0.0005,True
H_LLM_roleplay_chat,HH_real_chat,CO:Moderation,CO:Other,0.0401,0.0785,-0.0384,104,0.1479,False
H_LLM_roleplay_chat,HH_real_chat,CO:Clarify,CL:Opening,0.0174,0.0024,0.0149,132,0.0005,True
H_LLM_roleplay_chat,HH_real_chat,CO:Clarify,CL:Empathy,0.0251,0.0089,0.0161,197,0.0035,True
H_LLM_roleplay_chat,HH_real_chat,CO:Clarify,CL:Clarify,0.3189,0.3846,-0.0656,2840,0.2084,False
H_LLM_roleplay_chat,HH_real_chat,CO:Clarify,CL:Objectives,0.0497,0.039,0.0107,417,0.3598,False
H_LLM_roleplay_chat,HH_real_chat,CO:Clarify,CL:Motivation,0.0286,0.0293,-0.0007,248,0.9505,False
H_LLM_roleplay_chat,HH_real_chat,CO:Clarify,CL:Resources,0.0463,0.0138,0.0325,361,0.0005,True
H_LLM_roleplay_chat,HH_real_chat,CO:Clarify,CL:Help,0.0505,0.0382,0.0123,422,0.3263,False
H_LLM_roleplay_chat,HH_real_chat,CO:Clarify,CL:Closing,0.0044,0.0065,-0.0021,41,0.7266,False
H_LLM_roleplay_chat,HH_real_chat,CO:Clarify,CL:Other,0.0137,0.0862,-0.0724,208,0.0035,True
H_LLM_roleplay_chat,HH_real_chat,CO:Clarify,CO:Opening,0.0043,0.0309,-0.0266,70,1.0,False
H_LLM_roleplay_chat,HH_real_chat,CO:Clarify,CO:Moderation,0.0252,0.0358,-0.0106,231,0.3013,False
H_LLM_roleplay_chat,HH_real_chat,CO:Clarify,CO:Objectives,0.0334,0.0163,0.0172,268,0.0175,True
H_LLM_roleplay_chat,HH_real_chat,CO:Clarify,CO:Motivation,0.0278,0.0203,0.0074,231,0.3493,False
H_LLM_roleplay_chat,HH_real_chat,CO:Clarify,CO:Resources,0.0146,0.0065,0.008,116,0.1034,False
H_LLM_roleplay_chat,HH_real_chat,CO:Clarify,CO:Help,0.0499,0.0301,0.0198,407,0.0555,False
H_LLM_roleplay_chat,HH_real_chat,CO:Clarify,CO:Closing,0.0086,0.0016,0.007,66,0.0005,True
H_LLM_roleplay_chat,HH_real_chat,CO:Clarify,CO:Other,0.0255,0.0504,-0.0249,251,0.1274,False
H_LLM_roleplay_chat,HH_real_chat,CO:Objectives,CL:Empathy,0.0116,0.0096,0.002,18,1.0,False
H_LLM_roleplay_chat,HH_real_chat,CO:Objectives,CL:Clarify,0.1417,0.2981,-0.1564,238,0.1094,False
H_LLM_roleplay_chat,HH_real_chat,CO:Objectives,CL:Objectives,0.1143,0.0385,0.0758,171,0.047,False
H_LLM_roleplay_chat,HH_real_chat,CO:Objectives,CL:Motivation,0.0513,0.0288,0.0225,78,0.5227,False
H_LLM_roleplay_chat,HH_real_chat,CO:Objectives,CL:Resources,0.0938,0.0,0.0938,137,0.0005,True
H_LLM_roleplay_chat,HH_real_chat,CO:Objectives,CL:Help,0.0992,0.0962,0.0031,155,0.961,False
H_LLM_roleplay_chat,HH_real_chat,CO:Objectives,CL:Closing,0.013,0.0,0.013,19,0.0005,True
H_LLM_roleplay_chat,HH_real_chat,CO:Objectives,CL:Other,0.0281,0.0769,-0.0489,49,0.5252,False
H_LLM_roleplay_chat,HH_real_chat,CO:Objectives,CO:Opening,0.0089,0.0192,-0.0103,15,1.0,False
H_LLM_roleplay_chat,HH_real_chat,CO:Objectives,CO:Moderation,0.0548,0.0385,0.0163,84,0.6427,False
H_LLM_roleplay_chat,HH_real_chat,CO:Objectives,CO:Clarify,0.1684,0.125,0.0434,259,0.5767,False
H_LLM_roleplay_chat,HH_real_chat,CO:Objectives,CO:Motivation,0.0198,0.0385,-0.0186,33,0.6242,False
H_LLM_roleplay_chat,HH_real_chat,CO:Objectives,CO:Resources,0.0144,0.0096,0.0048,22,1.0,False
H_LLM_roleplay_chat,HH_real_chat,CO:Objectives,CO:Help,0.0561,0.1058,-0.0496,93,0.4293,False
H_LLM_roleplay_chat,HH_real_chat,CO:Objectives,CO:Closing,0.0151,0.0,0.0151,22,0.0005,True
H_LLM_roleplay_chat,HH_real_chat,CO:Objectives,CO:Other,0.0185,0.0577,-0.0392,33,0.3653,False
H_LLM_roleplay_chat,HH_real_chat,CO:Motivation,CL:Empathy,0.0054,0.0141,-0.0087,13,0.6972,False
H_LLM_roleplay_chat,HH_real_chat,CO:Motivation,CL:Clarify,0.0505,0.23,-0.1796,143,0.0145,True
H_LLM_roleplay_chat,HH_real_chat,CO:Motivation,CL:Objectives,0.0258,0.0141,0.0117,51,0.4493,False
H_LLM_roleplay_chat,HH_real_chat,CO:Motivation,CL:Motivation,0.0188,0.0047,0.0141,36,0.0005,True
H_LLM_roleplay_chat,HH_real_chat,CO:Motivation,CL:Resources,0.0462,0.0094,0.0368,88,0.0005,True
H_LLM_roleplay_chat,HH_real_chat,CO:Motivation,CL:Help,0.073,0.0845,-0.0115,154,0.7881,False
H_LLM_roleplay_chat,HH_real_chat,CO:Motivation,CL:Closing,0.0075,0.0047,0.0028,15,1.0,False
H_LLM_roleplay_chat,HH_real_chat,CO:Motivation,CL:Other,0.0043,0.0516,-0.0473,19,0.1454,False
H_LLM_roleplay_chat,HH_real_chat,CO:Motivation,CO:Opening,0.0091,0.0188,-0.0096,21,0.996,False
H_LLM_roleplay_chat,HH_real_chat,CO:Motivation,CO:Moderation,0.0639,0.1033,-0.0394,141,0.5432,False
H_LLM_roleplay_chat,HH_real_chat,CO:Motivation,CO:Clarify,0.305,0.1174,0.1877,593,0.0005,True
H_LLM_roleplay_chat,HH_real_chat,CO:Motivation,CO:Objectives,0.0693,0.0235,0.0458,134,0.0105,True
H_LLM_roleplay_chat,HH_real_chat,CO:Motivation,CO:Resources,0.029,0.0188,0.0102,58,0.6037,False
H_LLM_roleplay_chat,HH_real_chat,CO:Motivation,CO:Help,0.1117,0.0986,0.0131,229,0.7486,False
H_LLM_roleplay_chat,HH_real_chat,CO:Motivation,CO:Closing,0.0424,0.0563,-0.0139,91,0.6687,False
H_LLM_roleplay_chat,HH_real_chat,CO:Motivation,CO:Other,0.0387,0.0845,-0.0458,90,0.3518,False
H_LLM_roleplay_chat,HH_real_chat,CO:Resources,CL:Clarify,0.1387,0.3375,-0.1988,113,0.076,False
H_LLM_roleplay_chat,HH_real_chat,CO:Resources,CL:Objectives,0.0145,0.0375,-0.023,12,0.6647,False
H_LLM_roleplay_chat,HH_real_chat,CO:Resources,CL:Resources,0.0742,0.0,0.0742,46,0.0005,True
H_LLM_roleplay_chat,HH_real_chat,CO:Resources,CL:Help,0.0871,0.075,0.0121,60,0.8346,False
H_LLM_roleplay_chat,HH_real_chat,CO:Resources,CO:Moderation,0.0645,0.0875,-0.023,47,0.7161,False
H_LLM_roleplay_chat,HH_real_chat,CO:Resources,CO:Clarify,0.1984,0.125,0.0734,133,0.3203,False
H_LLM_roleplay_chat,HH_real_chat,CO:Resources,CO:Objectives,0.0581,0.0375,0.0206,39,0.7186,False
H_LLM_roleplay_chat,HH_real_chat,CO:Resources,CO:Motivation,0.0371,0.0125,0.0246,24,0.4353,False
H_LLM_roleplay_chat,HH_real_chat,CO:Resources,CO:Help,0.1258,0.1,0.0258,86,0.5982,False
H_LLM_roleplay_chat,HH_real_chat,CO:Resources,CO:Closing,0.021,0.0125,0.0085,14,1.0,False
H_LLM_roleplay_chat,HH_real_chat,CO:Resources,CO:Other,0.0403,0.0625,-0.0222,30,0.6342,False
H_LLM_roleplay_chat,HH_real_chat,CO:Help,CL:Empathy,0.0065,0.0049,0.0016,17,0.5992,False
H_LLM_roleplay_chat,HH_real_chat,CO:Help,CL:Clarify,0.0615,0.197,-0.1355,221,0.013,True
H_LLM_roleplay_chat,HH_real_chat,CO:Help,CL:Objectives,0.0201,0.0148,0.0053,52,0.7286,False
H_LLM_roleplay_chat,HH_real_chat,CO:Help,CL:Motivation,0.0144,0.0172,-0.0028,40,0.8456,False
H_LLM_roleplay_chat,HH_real_chat,CO:Help,CL:Resources,0.0367,0.0049,0.0317,86,0.0005,True
H_LLM_roleplay_chat,HH_real_chat,CO:Help,CL:Help,0.0882,0.0837,0.0044,236,0.8816,False
H_LLM_roleplay_chat,HH_real_chat,CO:Help,CL:Closing,0.0079,0.0049,0.0029,20,0.4788,False
H_LLM_roleplay_chat,HH_real_chat,CO:Help,CL:Other,0.0096,0.0443,-0.0347,40,0.2999,False
H_LLM_roleplay_chat,HH_real_chat,CO:Help,CO:Opening,0.0127,0.0468,-0.0341,48,1.0,False
H_LLM_roleplay_chat,HH_real_chat,CO:Help,CO:Moderation,0.0607,0.069,-0.0083,167,0.7961,False
H_LLM_roleplay_chat,HH_real_chat,CO:Help,CO:Clarify,0.2401,0.1453,0.0947,609,0.0135,True
H_LLM_roleplay_chat,HH_real_chat,CO:Help,CO:Objectives,0.0716,0.0197,0.0519,172,0.0005,True
H_LLM_roleplay_chat,HH_real_chat,CO:Help,CO:Motivation,0.065,0.0419,0.0232,166,0.2754,False
H_LLM_roleplay_chat,HH_real_chat,CO:Help,CO:Resources,0.0349,0.0222,0.0128,89,0.3903,False
H_LLM_roleplay_chat,HH_real_chat,CO:Help,CO:Closing,0.0498,0.0246,0.0251,124,0.0745,False
H_LLM_roleplay_chat,HH_real_chat,CO:Help,CO:Other,0.0546,0.1256,-0.0711,176,0.0485,False
H_LLM_roleplay_chat,HH_real_chat,CO:Closing,CL:Opening,0.0308,0.0097,0.0211,28,0.1919,False
H_LLM_roleplay_chat,HH_real_chat,CO:Closing,CL:Clarify,0.0445,0.0583,-0.0138,45,0.8201,False
H_LLM_roleplay_chat,HH_real_chat,CO:Closing,CL:Objectives,0.0137,0.0388,-0.0252,16,0.5347,False
H_LLM_roleplay_chat,HH_real_chat,CO:Closing,CL:Motivation,0.0182,0.0194,-0.0012,18,0.8771,False
H_LLM_roleplay_chat,HH_real_chat,CO:Closing,CL:Resources,0.0456,0.0194,0.0262,42,0.4833,False
H_LLM_roleplay_chat,HH_real_chat,CO:Closing,CL:Help,0.2896,0.2136,0.076,276,0.3468,False
H_LLM_roleplay_chat,HH_real_chat,CO:Closing,CL:Closing,0.0867,0.068,0.0187,83,0.7616,False
H_LLM_roleplay_chat,HH_real_chat,CO:Closing,CL:Other,0.0114,0.0388,-0.0274,14,0.5087,False
H_LLM_roleplay_chat,HH_real_chat,CO:Closing,CO:Opening,0.0103,0.0388,-0.0286,13,0.5432,False
H_LLM_roleplay_chat,HH_real_chat,CO:Closing,CO:Moderation,0.057,0.165,-0.108,67,0.2284,False
H_LLM_roleplay_chat,HH_real_chat,CO:Closing,CO:Clarify,0.0559,0.0485,0.0073,54,0.8681,False
H_LLM_roleplay_chat,HH_real_chat,CO:Closing,CO:Objectives,0.0376,0.0097,0.0279,34,0.0065,True
H_LLM_roleplay_chat,HH_real_chat,CO:Closing,CO:Motivation,0.0262,0.0388,-0.0126,27,0.6877,False
H_LLM_roleplay_chat,HH_real_chat,CO:Closing,CO:Resources,0.0114,0.0,0.0114,10,0.0005,True
H_LLM_roleplay_chat,HH_real_chat,CO:Closing,CO:Help,0.0684,0.0485,0.0199,65,0.6177,False
H_LLM_roleplay_chat,HH_real_chat,CO:Closing,CO:Other,0.0137,0.0777,-0.064,20,0.1219,False
H_LLM_roleplay_chat,HH_real_chat,CO:Other,CL:Empathy,0.0071,0.0081,-0.001,22,0.8686,False
H_LLM_roleplay_chat,HH_real_chat,CO:Other,CL:Clarify,0.0364,0.1667,-0.1303,206,0.0005,True
H_LLM_roleplay_chat,HH_real_chat,CO:Other,CL:Objectives,0.016,0.0215,-0.0055,52,0.7071,False
H_LLM_roleplay_chat,HH_real_chat,CO:Other,CL:Motivation,0.0062,0.0094,-0.0032,21,0.6812,False
H_LLM_roleplay_chat,HH_real_chat,CO:Other,CL:Resources,0.0142,0.0067,0.0075,37,0.1709,False
H_LLM_roleplay_chat,HH_real_chat,CO:Other,CL:Help,0.0439,0.0457,-0.0018,133,0.8906,False
H_LLM_roleplay_chat,HH_real_chat,CO:Other,CL:Closing,0.0071,0.0054,0.0017,20,0.7136,False
H_LLM_roleplay_chat,HH_real_chat,CO:Other,CL:Other,0.004,0.0551,-0.0511,50,0.083,False
H_LLM_roleplay_chat,HH_real_chat,CO:Other,CO:Opening,0.0084,0.0349,-0.0265,45,0.9755,False
H_LLM_roleplay_chat,HH_real_chat,CO:Other,CO:Moderation,0.0745,0.0659,0.0087,217,0.6307,False
H_LLM_roleplay_chat,HH_real_chat,CO:Other,CO:Clarify,0.3394,0.2218,0.1176,930,0.005,True
H_LLM_roleplay_chat,HH_real_chat,CO:Other,CO:Objectives,0.0768,0.0175,0.0593,186,0.0005,True
H_LLM_roleplay_chat,HH_real_chat,CO:Other,CO:Motivation,0.0794,0.0349,0.0445,205,0.0005,True
H_LLM_roleplay_chat,HH_real_chat,CO:Other,CO:Resources,0.0355,0.0202,0.0153,95,0.2034,False
H_LLM_roleplay_chat,HH_real_chat,CO:Other,CO:Help,0.1437,0.0981,0.0456,397,0.024,True
H_LLM_roleplay_chat,HH_real_chat,CO:Other,CO:Closing,0.043,0.0188,0.0242,111,0.0095,True
HH_roleplay_chat,HH_real_chat,CL:Opening,CL:Clarify,0.4091,0.1316,0.2775,51,0.0005,True
HH_roleplay_chat,HH_real_chat,CL:Opening,CL:Other,0.0455,0.1667,-0.1212,23,0.0835,False
HH_roleplay_chat,HH_real_chat,CL:Opening,CO:Opening,0.2955,0.1404,0.1551,42,0.007,True
HH_roleplay_chat,HH_real_chat,CL:Opening,CO:Moderation,0.0227,0.2895,-0.2667,35,0.0005,True
HH_roleplay_chat,HH_real_chat,CL:Opening,CO:Clarify,0.0568,0.0702,-0.0134,13,0.7421,False
HH_roleplay_chat,HH_real_chat,CL:Empathy,CL:Clarify,0.2476,0.2353,0.0123,46,0.8976,False
HH_roleplay_chat,HH_real_chat,CL:Empathy,CL:Objectives,0.0667,0.0353,0.0314,10,0.3648,False
HH_roleplay_chat,HH_real_chat,CL:Empathy,CL:Other,0.0286,0.0824,-0.0538,10,0.4538,False
HH_roleplay_chat,HH_real_chat,CL:Empathy,CO:Clarify,0.219,0.2824,-0.0633,47,0.5152,False
HH_roleplay_chat,HH_real_chat,CL:Empathy,CO:Other,0.0952,0.1647,-0.0695,24,0.3518,False
HH_roleplay_chat,HH_real_chat,CL:Clarify,CL:Opening,0.0042,0.0247,-0.0205,56,0.0005,True
HH_roleplay_chat,HH_real_chat,CL:Clarify,CL:Empathy,0.0276,0.0151,0.0125,76,0.0315,False
HH_roleplay_chat,HH_real_chat,CL:Clarify,CL:Objectives,0.0541,0.0237,0.0304,137,0.0005,True
HH_roleplay_chat,HH_real_chat,CL:Clarify,CL:Motivation,0.027,0.0469,-0.0199,138,0.095,False
HH_roleplay_chat,HH_real_chat,CL:Clarify,CL:Resources,0.0222,0.0101,0.0121,57,0.0005,True
HH_roleplay_chat,HH_real_chat,CL:Clarify,CL:Help,0.0439,0.0691,-0.0253,210,0.062,False
HH_roleplay_chat,HH_real_chat,CL:Clarify,CL:Closing,0.0192,0.0025,0.0167,37,0.0005,True
HH_roleplay_chat,HH_real_chat,CL:Clarify,CL:Other,0.0379,0.1004,-0.0625,262,0.0005,True
HH_roleplay_chat,HH_real_chat,CL:Clarify,CO:Opening,0.0343,0.0101,0.0242,77,0.0005,True
HH_roleplay_chat,HH_real_chat,CL:Clarify,CO:Moderation,0.0457,0.0399,0.0058,155,0.5902,False
HH_roleplay_chat,HH_real_chat,CL:Clarify,CO:Clarify,0.1562,0.171,-0.0148,599,0.6472,False
HH_roleplay_chat,HH_real_chat,CL:Clarify,CO:Objectives,0.0144,0.0126,0.0018,49,0.6917,False
HH_roleplay_chat,HH_real_chat,CL:Clarify,CO:Motivation,0.0469,0.0227,0.0242,123,0.0015,True
HH_roleplay_chat,HH_real_chat,CL:Clarify,CO:Resources,0.015,0.0106,0.0044,46,0.3643,False
HH_roleplay_chat,HH_real_chat,CL:Clarify,CO:Help,0.0252,0.0368,-0.0116,115,0.3653,False
HH_roleplay_chat,HH_real_chat,CL:Clarify,CO:Closing,0.0102,0.0045,0.0057,26,0.1604,False
HH_roleplay_chat,HH_real_chat,CL:Clarify,CO:Other,0.1094,0.0974,0.012,375,0.5857,False
HH_roleplay_chat,HH_real_chat,CL:Objectives,CL:Empathy,0.0351,0.0148,0.0203,11,0.2404,False
HH_roleplay_chat,HH_real_chat,CL:Objectives,CL:Clarify,0.2939,0.2906,0.0032,126,0.9625,False
HH_roleplay_chat,HH_real_chat,CL:Objectives,CL:Motivation,0.0307,0.0591,-0.0284,19,0.4828,False
HH_roleplay_chat,HH_real_chat,CL:Objectives,CL:Help,0.0439,0.0493,-0.0054,20,0.8461,False
HH_roleplay_chat,HH_real_chat,CL:Objectives,CL:Other,0.0219,0.0985,-0.0766,25,0.1549,False
HH_roleplay_chat,HH_real_chat,CL:Objectives,CO:Moderation,0.0351,0.0246,0.0105,13,0.6402,False
HH_roleplay_chat,HH_real_chat,CL:Objectives,CO:Clarify,0.1447,0.1232,0.0216,58,0.6907,False
HH_roleplay_chat,HH_real_chat,CL:Objectives,CO:Motivation,0.0526,0.0394,0.0132,20,0.6612,False
HH_roleplay_chat,HH_real_chat,CL:Objectives,CO:Help,0.0395,0.0443,-0.0049,18,0.8751,False
HH_roleplay_chat,HH_real_chat,CL:Objectives,CO:Other,0.1535,0.1527,0.0008,66,0.991,False
HH_roleplay_chat,HH_real_chat,CL:Motivation,CL:Clarify,0.217,0.2893,-0.0723,93,0.3133,False
HH_roleplay_chat,HH_real_chat,CL:Motivation,CL:Objectives,0.0755,0.0331,0.0424,16,0.1224,False
HH_roleplay_chat,HH_real_chat,CL:Motivation,CL:Help,0.0472,0.0579,-0.0107,19,0.7341,False
HH_roleplay_chat,HH_real_chat,CL:Motivation,CL:Other,0.0094,0.0909,-0.0815,23,0.1594,False
HH_roleplay_chat,HH_real_chat,CL:Motivation,CO:Clarify,0.2358,0.1488,0.0871,61,0.1204,False
HH_roleplay_chat,HH_real_chat,CL:Motivation,CO:Motivation,0.0472,0.0289,0.0182,12,0.4548,False
HH_roleplay_chat,HH_real_chat,CL:Motivation,CO:Help,0.0472,0.0661,-0.0189,21,0.5742,False
HH_roleplay_chat,HH_real_chat,CL:Motivation,CO:Other,0.1604,0.1157,0.0447,45,0.5107,False
HH_roleplay_chat,HH_real_chat,CL:Resources,CL:Clarify,0.268,0.2424,0.0256,42,0.8431,False
HH_roleplay_chat,HH_real_chat,CL:Resources,CL:Objectives,0.0619,0.0909,-0.0291,12,0.6707,False
HH_roleplay_chat,HH_real_chat,CL:Resources,CO:Clarify,0.0619,0.2576,-0.1957,23,0.1144,False
HH_roleplay_chat,HH_real_chat,CL:Resources,CO:Motivation,0.0722,0.0455,0.0267,10,0.6777,False
HH_roleplay_chat,HH_real_chat,CL:Resources,CO:Other,0.1443,0.0758,0.0686,19,0.2499,False
HH_roleplay_chat,HH_real_chat,CL:Help,CL:Opening,0.0,0.0244,-0.0244,11,0.0605,False
HH_roleplay_chat,HH_real_chat,CL:Help,CL:Empathy,0.0222,0.0156,0.0067,13,0.5987,False
HH_roleplay_chat,HH_real_chat,CL:Help,CL:Clarify,0.2185,0.1978,0.0207,148,0.6397,False
HH_roleplay_chat,HH_real_chat,CL:Help,CL:Objectives,0.0444,0.0267,0.0178,24,0.3043,False
HH_roleplay_chat,HH_real_chat,CL:Help,CL:Motivation,0.0222,0.0422,-0.02,25,0.3933,False
HH_roleplay_chat,HH_real_chat,CL:Help,CL:Resources,0.0222,0.0089,0.0133,10,0.1199,False
HH_roleplay_chat,HH_real_chat,CL:Help,CL:Closing,0.063,0.0267,0.0363,29,0.014,True
HH_roleplay_chat,HH_real_chat,CL:Help,CL:Other,0.0519,0.1,-0.0481,59,0.1654,False
HH_roleplay_chat,HH_real_chat,CL:Help,CO:Moderation,0.0481,0.0533,-0.0052,37,0.8221,False
HH_roleplay_chat,HH_real_chat,CL:Help,CO:Clarify,0.0963,0.1356,-0.0393,87,0.3613,False
HH_roleplay_chat,HH_real_chat,CL:Help,CO:Motivation,0.1037,0.0356,0.0681,44,0.0005,True
HH_roleplay_chat,HH_real_chat,CL:Help,CO:Help,0.0222,0.06,-0.0378,33,0.073,False
HH_roleplay_chat,HH_real_chat,CL:Help,CO:Closing,0.037,0.0333,0.0037,25,0.8251,False
HH_roleplay_chat,HH_real_chat,CL:Help,CO:Other,0.137,0.12,0.017,91,0.6517,False
HH_roleplay_chat,HH_real_chat,CL:Closing,CL:Clarify,0.0526,0.1923,-0.1397,15,0.2384,False
HH_roleplay_chat,HH_real_chat,CL:Closing,CL:Help,0.0842,0.1154,-0.0312,14,0.7951,False
HH_roleplay_chat,HH_real_chat,CL:Closing,CO:Moderation,0.0632,0.0769,-0.0138,10,0.8776,False
HH_roleplay_chat,HH_real_chat,CL:Closing,CO:Clarify,0.0526,0.1154,-0.0628,11,0.5897,False
HH_roleplay_chat,HH_real_chat,CL:Closing,CO:Motivation,0.0842,0.0962,-0.0119,13,0.8866,False
HH_roleplay_chat,HH_real_chat,CL:Closing,CO:Closing,0.2211,0.1346,0.0864,28,0.4158,False
HH_roleplay_chat,HH_real_chat,CL:Closing,CO:Other,0.1263,0.0385,0.0879,14,0.046,False
HH_roleplay_chat,HH_real_chat,CL:Other,CL:Clarify,0.2752,0.263,0.0122,232,0.7251,False
HH_roleplay_chat,HH_real_chat,CL:Other,CL:Objectives,0.0826,0.0336,0.0489,40,0.0005,True
HH_roleplay_chat,HH_real_chat,CL:Other,CL:Motivation,0.0275,0.0382,-0.0107,31,0.5247,False
HH_roleplay_chat,HH_real_chat,CL:Other,CL:Resources,0.0459,0.0061,0.0398,14,0.0005,True
HH_roleplay_chat,HH_real_chat,CL:Other,CL:Help,0.0413,0.0657,-0.0245,52,0.2359,False
HH_roleplay_chat,HH_real_chat,CL:Other,CL:Closing,0.0275,0.0076,0.0199,11,0.0015,True
HH_roleplay_chat,HH_real_chat,CL:Other,CO:Opening,0.0138,0.0107,0.0031,10,0.7706,False
HH_roleplay_chat,HH_real_chat,CL:Other,CO:Moderation,0.0505,0.0474,0.0031,42,0.8936,False
HH_roleplay_chat,HH_real_chat,CL:Other,CO:Clarify,0.1422,0.1697,-0.0275,142,0.5252,False
HH_roleplay_chat,HH_real_chat,CL:Other,CO:Motivation,0.0459,0.0214,0.0245,24,0.0785,False
HH_roleplay_chat,HH_real_chat,CL:Other,CO:Help,0.0275,0.0352,-0.0076,29,0.6722,False
HH_roleplay_chat,HH_real_chat,CL:Other,CO:Closing,0.0092,0.0122,-0.0031,10,0.7116,False
HH_roleplay_chat,HH_real_chat,CL:Other,CO:Other,0.1284,0.1055,0.0229,97,0.5692,False
HH_roleplay_chat,HH_real_chat,CO:Opening,CL:Opening,0.0428,0.1031,-0.0604,31,0.7941,False
HH_roleplay_chat,HH_real_chat,CO:Opening,CL:Clarify,0.0695,0.1704,-0.1009,51,0.0695,False
HH_roleplay_chat,HH_real_chat,CO:Opening,CL:Help,0.0107,0.0583,-0.0476,15,0.1439,False
HH_roleplay_chat,HH_real_chat,CO:Opening,CL:Other,0.0107,0.0359,-0.0252,10,0.6422,False
HH_roleplay_chat,HH_real_chat,CO:Opening,CO:Moderation,0.2299,0.0628,0.1672,57,0.0005,True
HH_roleplay_chat,HH_real_chat,CO:Opening,CO:Clarify,0.3048,0.1883,0.1165,99,0.024,False
HH_roleplay_chat,HH_real_chat,CO:Opening,CO:Motivation,0.0642,0.0359,0.0283,20,0.2589,False
HH_roleplay_chat,HH_real_chat,CO:Opening,CO:Help,0.0214,0.0673,-0.0459,19,0.6662,False
HH_roleplay_chat,HH_real_chat,CO:Opening,CO:Other,0.0107,0.1614,-0.1507,38,0.7276,False
HH_roleplay_chat,HH_real_chat,CO:Moderation,CL:Clarify,0.1615,0.1501,0.0114,148,0.7441,False
HH_roleplay_chat,HH_real_chat,CO:Moderation,CL:Objectives,0.0117,0.0162,-0.0045,13,0.7561,False
HH_roleplay_chat,HH_real_chat,CO:Moderation,CL:Help,0.0447,0.1201,-0.0753,75,0.007,True
HH_roleplay_chat,HH_real_chat,CO:Moderation,CL:Closing,0.0117,0.0092,0.0024,10,0.6912,False
HH_roleplay_chat,HH_real_chat,CO:Moderation,CL:Other,0.0195,0.0808,-0.0614,45,0.0935,False
HH_roleplay_chat,HH_real_chat,CO:Moderation,CO:Opening,0.0136,0.1386,-0.1249,67,0.0005,True
HH_roleplay_chat,HH_real_chat,CO:Moderation,CO:Clarify,0.2685,0.0901,0.1784,177,0.0005,True
HH_roleplay_chat,HH_real_chat,CO:Moderation,CO:Objectives,0.0311,0.0208,0.0103,25,0.4063,False
HH_roleplay_chat,HH_real_chat,CO:Moderation,CO:Motivation,0.0253,0.0346,-0.0094,28,0.6107,False
HH_roleplay_chat,HH_real_chat,CO:Moderation,CO:Resources,0.0253,0.0092,0.0161,17,0.1164,False
HH_roleplay_chat,HH_real_chat,CO:Moderation,CO:Help,0.0409,0.0508,-0.01,43,0.6752,False
HH_roleplay_chat,HH_real_chat,CO:Moderation,CO:Closing,0.0739,0.0115,0.0624,43,0.0005,True
HH_roleplay_chat,HH_real_chat,CO:Moderation,CO:Other,0.0214,0.0785,-0.0571,45,0.027,False
HH_roleplay_chat,HH_real_chat,CO:Clarify,CL:Opening,0.012,0.0024,0.0096,19,0.0005,True
HH_roleplay_chat,HH_real_chat,CO:Clarify,CL:Empathy,0.0113,0.0089,0.0023,26,0.6772,False
HH_roleplay_chat,HH_real_chat,CO:Clarify,CL:Clarify,0.4153,0.3846,0.0308,1025,0.6157,False
HH_roleplay_chat,HH_real_chat,CO:Clarify,CL:Objectives,0.0263,0.039,-0.0127,83,0.3013,False
HH_roleplay_chat,HH_real_chat,CO:Clarify,CL:Motivation,0.0166,0.0293,-0.0127,58,0.2644,False
HH_roleplay_chat,HH_real_chat,CO:Clarify,CL:Resources,0.009,0.0138,-0.0048,29,0.4838,False
HH_roleplay_chat,HH_real_chat,CO:Clarify,CL:Help,0.0331,0.0382,-0.0051,91,0.6887,False
HH_roleplay_chat,HH_real_chat,CO:Clarify,CL:Closing,0.0068,0.0065,0.0003,17,0.9375,False
HH_roleplay_chat,HH_real_chat,CO:Clarify,CL:Other,0.0512,0.0862,-0.035,174,0.1404,False
HH_roleplay_chat,HH_real_chat,CO:Clarify,CO:Opening,0.0038,0.0309,-0.0271,43,1.0,False
HH_roleplay_chat,HH_real_chat,CO:Clarify,CO:Moderation,0.0399,0.0358,0.0041,97,0.7066,False
HH_roleplay_chat,HH_real_chat,CO:Clarify,CO:Objectives,0.0181,0.0163,0.0018,44,0.8091,False
HH_roleplay_chat,HH_real_chat,CO:Clarify,CO:Motivation,0.0143,0.0203,-0.006,44,0.4398,False
HH_roleplay_chat,HH_real_chat,CO:Clarify,CO:Resources,0.0211,0.0065,0.0146,36,0.0005,True
HH_roleplay_chat,HH_real_chat,CO:Clarify,CO:Help,0.0324,0.0301,0.0023,80,0.8371,False
HH_roleplay_chat,HH_real_chat,CO:Clarify,CO:Other,0.0286,0.0504,-0.0218,100,0.2089,False
HH_roleplay_chat,HH_real_chat,CO:Objectives,CL:Clarify,0.3012,0.2981,0.0031,81,0.969,False
HH_roleplay_chat,HH_real_chat,CO:Objectives,CL:Objectives,0.0422,0.0385,0.0037,11,0.8901,False
HH_roleplay_chat,HH_real_chat,CO:Objectives,CL:Help,0.0542,0.0962,-0.0419,19,0.4088,False
HH_roleplay_chat,HH_real_chat,CO:Objectives,CL:Other,0.0542,0.0769,-0.0227,17,0.7651,False
HH_roleplay_chat,HH_real_chat,CO:Objectives,CO:Moderation,0.0723,0.0385,0.0338,16,0.3668,False
HH_roleplay_chat,HH_real_chat,CO:Objectives,CO:Clarify,0.253,0.125,0.128,55,0.093,False
HH_roleplay_chat,HH_real_chat,CO:Objectives,CO:Help,0.0361,0.1058,-0.0696,17,0.2659,False
HH_roleplay_chat,HH_real_chat,CO:Motivation,CL:Clarify,0.0815,0.23,-0.1486,71,0.041,False
HH_roleplay_chat,HH_real_chat,CO:Motivation,CL:Help,0.037,0.0845,-0.0475,28,0.2249,False
HH_roleplay_chat,HH_real_chat,CO:Motivation,CL:Other,0.0185,0.0516,-0.0331,16,0.3368,False
HH_roleplay_chat,HH_real_chat,CO:Motivation,CO:Opening,0.0333,0.0188,0.0146,13,0.9065,False
HH_roleplay_chat,HH_real_chat,CO:Motivation,CO:Moderation,0.1148,0.1033,0.0115,53,0.8651,False
HH_roleplay_chat,HH_real_chat,CO:Motivation,CO:Clarify,0.363,0.1174,0.2456,123,0.0005,True
HH_roleplay_chat,HH_real_chat,CO:Motivation,CO:Objectives,0.0481,0.0235,0.0247,18,0.2089,False
HH_roleplay_chat,HH_real_chat,CO:Motivation,CO:Resources,0.0296,0.0188,0.0109,12,0.5752,False
HH_roleplay_chat,HH_real_chat,CO:Motivation,CO:Help,0.0444,0.0986,-0.0541,33,0.1769,False
HH_roleplay_chat,HH_real_chat,CO:Motivation,CO:Closing,0.0556,0.0563,-0.0008,27,0.983,False
HH_roleplay_chat,HH_real_chat,CO:Motivation,CO:Other,0.0407,0.0845,-0.0438,29,0.3803,False
HH_roleplay_chat,HH_real_chat,CO:Resources,CL:Clarify,0.2154,0.3375,-0.1221,55,0.2754,False
HH_roleplay_chat,HH_real_chat,CO:Resources,CL:Help,0.0462,0.075,-0.0288,12,0.6342,False
HH_roleplay_chat,HH_real_chat,CO:Resources,CO:Moderation,0.0615,0.0875,-0.026,15,0.6787,False
HH_roleplay_chat,HH_real_chat,CO:Resources,CO:Clarify,0.1385,0.125,0.0135,28,0.8241,False
HH_roleplay_chat,HH_real_chat,CO:Resources,CO:Objectives,0.1077,0.0375,0.0702,17,0.1454,False
HH_roleplay_chat,HH_real_chat,CO:Resources,CO:Help,0.1385,0.1,0.0385,26,0.4668,False
HH_roleplay_chat,HH_real_chat,CO:Resources,CO:Other,0.0462,0.0625,-0.0163,11,0.7261,False
HH_roleplay_chat,HH_real_chat,CO:Help,CL:Clarify,0.1525,0.197,-0.0446,123,0.4958,False
HH_roleplay_chat,HH_real_chat,CO:Help,CL:Objectives,0.0177,0.0148,0.003,11,0.8351,False
HH_roleplay_chat,HH_real_chat,CO:Help,CL:Motivation,0.0142,0.0172,-0.0031,11,0.8246,False
HH_roleplay_chat,HH_real_chat,CO:Help,CL:Help,0.0709,0.0837,-0.0128,54,0.7066,False
HH_roleplay_chat,HH_real_chat,CO:Help,CL:Other,0.0177,0.0443,-0.0266,23,0.4318,False
HH_roleplay_chat,HH_real_chat,CO:Help,CO:Opening,0.0035,0.0468,-0.0433,20,0.9945,False
HH_roleplay_chat,HH_real_chat,CO:Help,CO:Moderation,0.078,0.069,0.009,50,0.7686,False
HH_roleplay_chat,HH_real_chat,CO:Help,CO:Clarify,0.2163,0.1453,0.071,120,0.0855,False
HH_roleplay_chat,HH_real_chat,CO:Help,CO:Objectives,0.0603,0.0197,0.0406,25,0.0035,True
HH_roleplay_chat,HH_real_chat,CO:Help,CO:Motivation,0.0319,0.0419,-0.01,26,0.6232,False
HH_roleplay_chat,HH_real_chat,CO:Help,CO:Resources,0.0461,0.0222,0.0239,22,0.1104,False
HH_roleplay_chat,HH_real_chat,CO:Help,CO:Closing,0.0355,0.0246,0.0108,20,0.4698,False
HH_roleplay_chat,HH_real_chat,CO:Help,CO:Other,0.0461,0.1256,-0.0795,64,0.0215,False
HH_roleplay_chat,HH_real_chat,CO:Closing,CL:Clarify,0.1513,0.0583,0.0931,29,0.1214,False
HH_roleplay_chat,HH_real_chat,CO:Closing,CL:Help,0.0921,0.2136,-0.1215,36,0.1249,False
HH_roleplay_chat,HH_real_chat,CO:Closing,CL:Closing,0.1382,0.068,0.0702,28,0.2424,False
HH_roleplay_chat,HH_real_chat,CO:Closing,CO:Moderation,0.2434,0.165,0.0784,54,0.4008,False
HH_roleplay_chat,HH_real_chat,CO:Closing,CO:Clarify,0.0461,0.0485,-0.0025,12,0.9605,False
HH_roleplay_chat,HH_real_chat,CO:Closing,CO:Help,0.0526,0.0485,0.0041,13,0.942,False
HH_roleplay_chat,HH_real_chat,CO:Other,CL:Clarify,0.0955,0.1667,-0.0712,166,0.0335,False
HH_roleplay_chat,HH_real_chat,CO:Other,CL:Objectives,0.0182,0.0215,-0.0033,24,0.8246,False
HH_roleplay_chat,HH_real_chat,CO:Other,CL:Help,0.0159,0.0457,-0.0298,41,0.039,False
HH_roleplay_chat,HH_real_chat,CO:Other,CL:Other,0.0068,0.0551,-0.0483,44,0.1019,False
HH_roleplay_chat,HH_real_chat,CO:Other,CO:Opening,0.0182,0.0349,-0.0168,34,0.9995,False
HH_roleplay_chat,HH_real_chat,CO:Other,CO:Moderation,0.1523,0.0659,0.0864,116,0.0005,True
HH_roleplay_chat,HH_real_chat,CO:Other,CO:Clarify,0.3523,0.2218,0.1305,320,0.0015,True
HH_roleplay_chat,HH_real_chat,CO:Other,CO:Objectives,0.0568,0.0175,0.0393,38,0.0005,True
HH_roleplay_chat,HH_real_chat,CO:Other,CO:Motivation,0.0682,0.0349,0.0332,56,0.015,True
HH_roleplay_chat,HH_real_chat,CO:Other,CO:Resources,0.025,0.0202,0.0048,26,0.6907,False
HH_roleplay_chat,HH_real_chat,CO:Other,CO:Help,0.0909,0.0981,-0.0072,113,0.7286,False
HH_roleplay_chat,HH_real_chat,CO:Other,CO:Closing,0.0386,0.0188,0.0198,31,0.035,False
