item,text,n_gptoss,n_llama,m_gptoss,m_llama,U,p,delta,p_holm,p_bonf
A270_02,Felt like writing with a real person,23,26,2.347826086956522,3.423076923076923,149.5,0.002015635384433091,-0.5,0.02620325999763018,0.02620325999763018
A270_04,Individual messages were excellent,23,26,2.391304347826087,3.230769230769231,179.5,0.01290309185891779,-0.3996655518394649,0.15483710230701347,0.16774019416593128
A270_05,Responded understandably to my messages,23,26,2.391304347826087,2.9615384615384617,208.0,0.05745670045434622,-0.30434782608695654,0.6320237049978085,0.7469371059065009
A270_07,Messages coherent and clearly phrased,23,26,2.217391304347826,2.576923076923077,226.0,0.11803277388745526,-0.24414715719063546,1.0,1.0
A270_12,No trouble understanding the messages,23,26,1.7391304347826086,1.5384615384615385,358.0,0.1923385662627003,0.19732441471571907,1.0,1.0
A270_10,Satisfied with the interaction,23,26,2.391304347826087,2.730769230769231,237.5,0.20061925078585852,-0.205685618729097,1.0,1.0
A270_01,Individual messages fit the conversation,23,26,2.0434782608695654,2.3461538461538463,248.0,0.2591940041981827,-0.1705685618729097,1.0,1.0
A270_03,Language quality of the messages,23,26,1.8695652173913044,1.6538461538461537,345.0,0.3230216030307451,0.15384615384615385,1.0,1.0
A270_13,Reacted adequately to my follow-up questions,23,26,2.608695652173913,2.8461538461538463,257.5,0.3932113472220964,-0.13879598662207357,1.0,1.0
A270_08,The conversation as a whole was coherent,23,23,2.5217391304347827,2.782608695652174,228.5,0.4130415152811283,-0.13610586011342155,1.0,1.0
A270_06,Engaged with my questions and suggestions,23,26,2.739130434782609,2.8461538461538463,273.0,0.5812317522289001,-0.08695652173913043,1.0,1.0
A270_11,Personality felt likeable,23,26,2.347826086956522,2.230769230769231,324.5,0.599345275245238,0.08528428093645485,1.0,1.0
A270_09,Could run a complete counseling conversation,23,26,2.5652173913043477,2.6538461538461537,296.0,0.9587413633481345,-0.010033444816053512,1.0,1.0
