condition,speaker_type,label,count,total,proportion
HH_CAIA_mail,Client,CL-E-*-*-ECP-*,3,471,0.006369426751592357
HH_CAIA_mail,Client,CL-E-*-*-PT-*,4,471,0.008492569002123142
HH_CAIA_mail,Client,CL-FB-*-*-*-*,157,471,0.3333333333333333
HH_CAIA_mail,Client,CL-FC-*-*-F-*,2,471,0.004246284501061571
HH_CAIA_mail,Client,CL-IF-ACP-*-Cons-*,6,471,0.012738853503184714
HH_CAIA_mail,Client,CL-IF-ACP-*-FPA-*,19,471,0.040339702760084924
HH_CAIA_mail,Client,CL-IF-ACP-*-OE-*,1,471,0.0021231422505307855
HH_CAIA_mail,Client,CL-IF-ACP-*-PD-*,62,471,0.1316348195329087
HH_CAIA_mail,Client,CL-IF-ACP-*-PS-*,34,471,0.07218683651804671
HH_CAIA_mail,Client,CL-IF-ACP-*-Rej-*,1,471,0.0021231422505307855
HH_CAIA_mail,Client,CL-IF-ACP-*-Req-*,14,471,0.029723991507430998
HH_CAIA_mail,Client,CL-IF-AO-*-Ext-*,11,471,0.02335456475583864
HH_CAIA_mail,Client,CL-IF-AO-*-Obj-*,5,471,0.010615711252653927
HH_CAIA_mail,Client,CL-IF-HP-*-Fail-*,1,471,0.0021231422505307855
HH_CAIA_mail,Client,CL-IF-HP-*-NegFR-*,4,471,0.008492569002123142
HH_CAIA_mail,Client,CL-IF-HP-*-PosF-*,40,471,0.08492569002123142
HH_CAIA_mail,Client,CL-IF-HP-*-PosFR-*,6,471,0.012738853503184714
HH_CAIA_mail,Client,CL-IF-HP-*-RepRA-*,7,471,0.014861995753715499
HH_CAIA_mail,Client,CL-IF-HP-*-Succ-*,1,471,0.0021231422505307855
HH_CAIA_mail,Client,CL-IF-Mot-*-FC-*,1,471,0.0021231422505307855
HH_CAIA_mail,Client,CL-IF-Mot-*-RC-*,10,471,0.021231422505307854
HH_CAIA_mail,Client,CL-IF-RA-*-RF-*,1,471,0.0021231422505307855
HH_CAIA_mail,Client,CL-IF-RA-*-RP-*,5,471,0.010615711252653927
HH_CAIA_mail,Client,CL-O-*-*-O-*,69,471,0.1464968152866242
HH_CAIA_mail,Client,CL-O-*-*-UCO-*,4,471,0.008492569002123142
HH_CAIA_mail,Client,CO-FC-*-*-F-*,3,471,0.006369426751592357
HH_CAIA_mail,Counsellor,CO-FA-*-*-*-*,151,388,0.38917525773195877
HH_CAIA_mail,Counsellor,CO-FC-*-*-F-*,6,388,0.015463917525773196
HH_CAIA_mail,Counsellor,CO-FC-*-*-OPR-*,5,388,0.01288659793814433
HH_CAIA_mail,Counsellor,CO-IF-AC-RE-RCR-*,7,388,0.01804123711340206
HH_CAIA_mail,Counsellor,CO-IF-AC-RE-RES-*,1,388,0.002577319587628866
HH_CAIA_mail,Counsellor,CO-IF-AC-RF-RC-*,3,388,0.007731958762886598
HH_CAIA_mail,Counsellor,CO-IF-AC-RF-RLS-SR,7,388,0.01804123711340206
HH_CAIA_mail,Counsellor,CO-IF-AC-RF-RPA-*,1,388,0.002577319587628866
HH_CAIA_mail,Counsellor,CO-IF-AC-RF-RPD-*,1,388,0.002577319587628866
HH_CAIA_mail,Counsellor,CO-IF-AC-RF-RTP-*,1,388,0.002577319587628866
HH_CAIA_mail,Counsellor,CO-IF-AC-RF-SRx-*,63,388,0.16237113402061856
HH_CAIA_mail,Counsellor,CO-IF-HP-*-ICO-*,2,388,0.005154639175257732
HH_CAIA_mail,Counsellor,CO-IF-HP-*-IEA,3,388,0.007731958762886598
HH_CAIA_mail,Counsellor,CO-IF-HP-*-IPFR-*,7,388,0.01804123711340206
HH_CAIA_mail,Counsellor,CO-IF-HP-*-ITFE-*,4,388,0.010309278350515464
HH_CAIA_mail,Counsellor,CO-IF-HP-*-PP-IA,2,388,0.005154639175257732
HH_CAIA_mail,Counsellor,CO-IF-HP-*-PP-IW,1,388,0.002577319587628866
HH_CAIA_mail,Counsellor,CO-IF-Mot-*-IAC-*,8,388,0.020618556701030927
HH_CAIA_mail,Counsellor,CO-IF-Mot-*-ITA-*,35,388,0.09020618556701031
HH_CAIA_mail,Counsellor,CO-IF-Mot-*-RS-*,1,388,0.002577319587628866
HH_CAIA_mail,Counsellor,CO-IF-RA-*-N-RAFa,1,388,0.002577319587628866
HH_CAIA_mail,Counsellor,CO-IF-RA-*-RAP-*,7,388,0.01804123711340206
HH_CAIA_mail,Counsellor,CO-Mod-*-*-*-*,58,388,0.14948453608247422
HH_CAIA_mail,Counsellor,CO-O-*-*-O-*,13,388,0.03350515463917526
HH_real_chat,Client,CL-E-*-*-ECC-*,3,2553,0.0011750881316098707
HH_real_chat,Client,CL-E-*-*-ECP-*,8,2553,0.003133568350959655
HH_real_chat,Client,CL-E-*-*-PT-*,16,2553,0.00626713670191931
HH_real_chat,Client,CL-FB-*-*-*-*,120,2553,0.04700352526439483
HH_real_chat,Client,CL-FC-*-*-F-*,29,2553,0.01135918527222875
HH_real_chat,Client,CL-FC-*-*-UPR-*,9,2553,0.0035252643948296123
HH_real_chat,Client,CL-IF-ACP-*-Cons-*,437,2553,0.17117117117117117
HH_real_chat,Client,CL-IF-ACP-*-DPD-*,75,2553,0.02937720329024677
HH_real_chat,Client,CL-IF-ACP-*-FPA-*,58,2553,0.0227183705444575
HH_real_chat,Client,CL-IF-ACP-*-OE-*,77,2553,0.030160595377986682
HH_real_chat,Client,CL-IF-ACP-*-PD-*,218,2553,0.0853897375636506
HH_real_chat,Client,CL-IF-ACP-*-PS-*,223,2553,0.08734821778300039
HH_real_chat,Client,CL-IF-ACP-*-Rej-*,74,2553,0.028985507246376812
HH_real_chat,Client,CL-IF-ACP-*-Req-*,70,2553,0.027418723070896985
HH_real_chat,Client,CL-IF-AO-*-Ext-*,47,2553,0.018409714061887975
HH_real_chat,Client,CL-IF-AO-*-Obj-*,42,2553,0.01645123384253819
HH_real_chat,Client,CL-IF-HP-*-Fail-*,22,2553,0.008617312965139052
HH_real_chat,Client,CL-IF-HP-*-NegFR-*,35,2553,0.013709361535448493
HH_real_chat,Client,CL-IF-HP-*-PosF-*,120,2553,0.04700352526439483
HH_real_chat,Client,CL-IF-HP-*-PosFR-*,20,2553,0.007833920877399139
HH_real_chat,Client,CL-IF-HP-*-RepRA-*,31,2553,0.012142577359968664
HH_real_chat,Client,CL-IF-HP-*-Succ-*,9,2553,0.0035252643948296123
HH_real_chat,Client,CL-IF-Mot-*-FC-*,37,2553,0.014492753623188406
HH_real_chat,Client,CL-IF-Mot-*-RC-*,64,2553,0.02506854680767724
HH_real_chat,Client,CL-IF-RA-*-RF-*,9,2553,0.0035252643948296123
HH_real_chat,Client,CL-IF-RA-*-RP-*,19,2553,0.007442224833529181
HH_real_chat,Client,CL-O-*-*-O-*,615,2553,0.2408930669800235
HH_real_chat,Client,CL-O-*-*-UCO-*,54,2553,0.021151586368977675
HH_real_chat,Client,CO-IF-AC-RF-SRx-*,1,2553,0.0003916960438699569
HH_real_chat,Client,CO-IF-HP-*-ITFE-*,1,2553,0.0003916960438699569
HH_real_chat,Client,CO-IF-HP-*-PP-IW,1,2553,0.0003916960438699569
HH_real_chat,Client,CO-Mod-*-*-*-*,9,2553,0.0035252643948296123
HH_real_chat,Counsellor,CL-E-*-*-ECC-*,8,2374,0.003369839932603201
HH_real_chat,Counsellor,CL-FC-*-*-F-*,2,2374,0.0008424599831508003
HH_real_chat,Counsellor,CL-IF-ACP-*-DPD-*,20,2374,0.008424599831508003
HH_real_chat,Counsellor,CL-IF-ACP-*-FPA-*,3,2374,0.0012636899747262005
HH_real_chat,Counsellor,CL-IF-ACP-*-OE-*,1,2374,0.00042122999157540015
HH_real_chat,Counsellor,CL-IF-ACP-*-PS-*,2,2374,0.0008424599831508003
HH_real_chat,Counsellor,CL-IF-ACP-*-Rej-*,9,2374,0.0037910699241786015
HH_real_chat,Counsellor,CL-IF-AO-*-Obj-*,2,2374,0.0008424599831508003
HH_real_chat,Counsellor,CL-IF-HP-*-NegFR-*,3,2374,0.0012636899747262005
HH_real_chat,Counsellor,CL-IF-HP-*-RepRA-*,1,2374,0.00042122999157540015
HH_real_chat,Counsellor,CL-IF-Mot-*-RC-*,2,2374,0.0008424599831508003
HH_real_chat,Counsellor,CL-O-*-*-UCO-*,2,2374,0.0008424599831508003
HH_real_chat,Counsellor,CO-FA-*-*-*-*,209,2374,0.08803706823925864
HH_real_chat,Counsellor,CO-FC-*-*-F-*,52,2374,0.02190395956192081
HH_real_chat,Counsellor,CO-FC-*-*-OPR-*,21,2374,0.008845829823083403
HH_real_chat,Counsellor,CO-IF-AC-RE-RCR-*,57,2374,0.02401010951979781
HH_real_chat,Counsellor,CO-IF-AC-RE-RES-*,86,2374,0.03622577927548441
HH_real_chat,Counsellor,CO-IF-AC-RF-RC-*,93,2374,0.039174389216512215
HH_real_chat,Counsellor,CO-IF-AC-RF-RCD-*,22,2374,0.009267059814658803
HH_real_chat,Counsellor,CO-IF-AC-RF-RLS-ES,4,2374,0.0016849199663016006
HH_real_chat,Counsellor,CO-IF-AC-RF-RLS-H,45,2374,0.018955349620893007
HH_real_chat,Counsellor,CO-IF-AC-RF-RLS-L,22,2374,0.009267059814658803
HH_real_chat,Counsellor,CO-IF-AC-RF-RLS-PS,13,2374,0.005475989890480202
HH_real_chat,Counsellor,CO-IF-AC-RF-RLS-SR,45,2374,0.018955349620893007
HH_real_chat,Counsellor,CO-IF-AC-RF-RPA-*,42,2374,0.017691659646166806
HH_real_chat,Counsellor,CO-IF-AC-RF-RPD-*,87,2374,0.03664700926705981
HH_real_chat,Counsellor,CO-IF-AC-RF-RTP-*,158,2374,0.06655433866891322
HH_real_chat,Counsellor,CO-IF-AC-RF-SRx-*,194,2374,0.08171861836562763
HH_real_chat,Counsellor,CO-IF-AO-*-ICO-*,17,2374,0.007160909856781803
HH_real_chat,Counsellor,CO-IF-AO-*-ROW-*,32,2374,0.013479359730412805
HH_real_chat,Counsellor,CO-IF-HP-*-ICO-*,9,2374,0.0037910699241786015
HH_real_chat,Counsellor,CO-IF-HP-*-IEA,61,2374,0.025695029486099412
HH_real_chat,Counsellor,CO-IF-HP-*-IF-*,11,2374,0.004633529907329402
HH_real_chat,Counsellor,CO-IF-HP-*-IPFR-*,13,2374,0.005475989890480202
HH_real_chat,Counsellor,CO-IF-HP-*-ITFE-*,22,2374,0.009267059814658803
HH_real_chat,Counsellor,CO-IF-HP-*-IW-*,2,2374,0.0008424599831508003
HH_real_chat,Counsellor,CO-IF-HP-*-PP-IA,45,2374,0.018955349620893007
HH_real_chat,Counsellor,CO-IF-HP-*-PP-IW,33,2374,0.013900589721988205
HH_real_chat,Counsellor,CO-IF-Mot-*-IAC-*,20,2374,0.008424599831508003
HH_real_chat,Counsellor,CO-IF-Mot-*-IEM-*,7,2374,0.0029486099410278013
HH_real_chat,Counsellor,CO-IF-Mot-*-ITA-*,50,2374,0.02106149957877001
HH_real_chat,Counsellor,CO-IF-Mot-*-RFC-*,24,2374,0.010109519797809604
HH_real_chat,Counsellor,CO-IF-Mot-*-RS-*,12,2374,0.005054759898904802
HH_real_chat,Counsellor,CO-IF-RA-*-N-RAFa,6,2374,0.002527379949452401
HH_real_chat,Counsellor,CO-IF-RA-*-N-RAFr,4,2374,0.0016849199663016006
HH_real_chat,Counsellor,CO-IF-RA-*-RAP-*,47,2374,0.019797809604043808
HH_real_chat,Counsellor,CO-IF-RA-*-RP-*,1,2374,0.00042122999157540015
HH_real_chat,Counsellor,CO-Mod-*-*-*-*,255,2374,0.10741364785172704
HH_real_chat,Counsellor,CO-O-*-*-O-*,344,2374,0.14490311710193765
HH_real_chat,Counsellor,CO-O-*-*-UCO-*,154,2374,0.06486941870261162
HH_real_mail,Client,CL-E-*-*-ECP-*,1,609,0.0016420361247947454
HH_real_mail,Client,CL-E-*-*-PT-*,4,609,0.006568144499178982
HH_real_mail,Client,CL-FB-*-*-*-*,232,609,0.38095238095238093
HH_real_mail,Client,CL-FC-*-*-F-*,14,609,0.022988505747126436
HH_real_mail,Client,CL-FC-*-*-UPR-*,7,609,0.011494252873563218
HH_real_mail,Client,CL-IF-ACP-*-Cons-*,2,609,0.003284072249589491
HH_real_mail,Client,CL-IF-ACP-*-DPD-*,25,609,0.041050903119868636
HH_real_mail,Client,CL-IF-ACP-*-FPA-*,38,609,0.06239737274220033
HH_real_mail,Client,CL-IF-ACP-*-OE-*,1,609,0.0016420361247947454
HH_real_mail,Client,CL-IF-ACP-*-PD-*,63,609,0.10344827586206896
HH_real_mail,Client,CL-IF-ACP-*-PS-*,60,609,0.09852216748768473
HH_real_mail,Client,CL-IF-ACP-*-Rej-*,1,609,0.0016420361247947454
HH_real_mail,Client,CL-IF-ACP-*-Req-*,3,609,0.0049261083743842365
HH_real_mail,Client,CL-IF-AO-*-Ext-*,11,609,0.0180623973727422
HH_real_mail,Client,CL-IF-AO-*-Obj-*,6,609,0.009852216748768473
HH_real_mail,Client,CL-IF-HP-*-Fail-*,2,609,0.003284072249589491
HH_real_mail,Client,CL-IF-HP-*-PosF-*,65,609,0.10673234811165845
HH_real_mail,Client,CL-IF-HP-*-PosFR-*,3,609,0.0049261083743842365
HH_real_mail,Client,CL-IF-HP-*-RepRA-*,7,609,0.011494252873563218
HH_real_mail,Client,CL-IF-HP-*-Succ-*,4,609,0.006568144499178982
HH_real_mail,Client,CL-IF-Mot-*-FC-*,1,609,0.0016420361247947454
HH_real_mail,Client,CL-IF-Mot-*-RC-*,7,609,0.011494252873563218
HH_real_mail,Client,CL-IF-RA-*-RF-*,1,609,0.0016420361247947454
HH_real_mail,Client,CL-IF-RA-*-RP-*,4,609,0.006568144499178982
HH_real_mail,Client,CL-O-*-*-O-*,44,609,0.0722495894909688
HH_real_mail,Client,CL-O-*-*-UCO-*,1,609,0.0016420361247947454
HH_real_mail,Client,CO-FC-*-*-F-*,2,609,0.003284072249589491
HH_real_mail,Counsellor,CL-IF-ACP-*-DPD-*,15,821,0.018270401948842874
HH_real_mail,Counsellor,CO-FA-*-*-*-*,348,821,0.4238733252131547
HH_real_mail,Counsellor,CO-FC-*-*-F-*,21,821,0.025578562728380026
HH_real_mail,Counsellor,CO-FC-*-*-OPR-*,48,821,0.058465286236297195
HH_real_mail,Counsellor,CO-IF-AC-RE-RES-*,5,821,0.0060901339829476245
HH_real_mail,Counsellor,CO-IF-AC-RF-RC-*,5,821,0.0060901339829476245
HH_real_mail,Counsellor,CO-IF-AC-RF-RCD-*,5,821,0.0060901339829476245
HH_real_mail,Counsellor,CO-IF-AC-RF-RLS-H,5,821,0.0060901339829476245
HH_real_mail,Counsellor,CO-IF-AC-RF-RLS-SR,2,821,0.00243605359317905
HH_real_mail,Counsellor,CO-IF-AC-RF-RTP-*,1,821,0.001218026796589525
HH_real_mail,Counsellor,CO-IF-AC-RF-SRx-*,112,821,0.1364190012180268
HH_real_mail,Counsellor,CO-IF-AO-*-ICO-*,2,821,0.00243605359317905
HH_real_mail,Counsellor,CO-IF-AO-*-ROW-*,1,821,0.001218026796589525
HH_real_mail,Counsellor,CO-IF-HP-*-IEA,2,821,0.00243605359317905
HH_real_mail,Counsellor,CO-IF-HP-*-IF-*,1,821,0.001218026796589525
HH_real_mail,Counsellor,CO-IF-HP-*-IPFR-*,1,821,0.001218026796589525
HH_real_mail,Counsellor,CO-IF-HP-*-ITFE-*,1,821,0.001218026796589525
HH_real_mail,Counsellor,CO-IF-HP-*-PP-IA,4,821,0.0048721071863581
HH_real_mail,Counsellor,CO-IF-HP-*-PP-IW,4,821,0.0048721071863581
HH_real_mail,Counsellor,CO-IF-Mot-*-IAC-*,17,821,0.020706455542021926
HH_real_mail,Counsellor,CO-IF-Mot-*-ITA-*,51,821,0.06211936662606577
HH_real_mail,Counsellor,CO-IF-RA-*-RAP-*,6,821,0.007308160779537149
HH_real_mail,Counsellor,CO-Mod-*-*-*-*,77,821,0.09378806333739342
HH_real_mail,Counsellor,CO-O-*-*-O-*,84,821,0.1023142509135201
HH_real_mail,Counsellor,CO-O-*-*-UCO-*,3,821,0.0036540803897685747
HH_roleplay_chat,Client,CL-E-*-*-ECC-*,2,1903,0.0010509721492380452
HH_roleplay_chat,Client,CL-E-*-*-ECP-*,19,1903,0.009984235417761429
HH_roleplay_chat,Client,CL-E-*-*-PT-*,11,1903,0.005780346820809248
HH_roleplay_chat,Client,CL-FB-*-*-*-*,102,1903,0.053599579611140306
HH_roleplay_chat,Client,CL-FC-*-*-F-*,63,1903,0.03310562270099842
HH_roleplay_chat,Client,CL-FC-*-*-UPR-*,34,1903,0.01786652653704677
HH_roleplay_chat,Client,CL-IF-ACP-*-Cons-*,424,1903,0.22280609563846557
HH_roleplay_chat,Client,CL-IF-ACP-*-DPD-*,67,1903,0.03520756699947451
HH_roleplay_chat,Client,CL-IF-ACP-*-FPA-*,79,1903,0.04151339989490278
HH_roleplay_chat,Client,CL-IF-ACP-*-OE-*,23,1903,0.01208617971623752
HH_roleplay_chat,Client,CL-IF-ACP-*-PD-*,185,1903,0.09721492380451918
HH_roleplay_chat,Client,CL-IF-ACP-*-PS-*,158,1903,0.08302679978980557
HH_roleplay_chat,Client,CL-IF-ACP-*-Rej-*,42,1903,0.02207041513399895
HH_roleplay_chat,Client,CL-IF-ACP-*-Req-*,77,1903,0.04046242774566474
HH_roleplay_chat,Client,CL-IF-AO-*-Ext-*,36,1903,0.018917498686284815
HH_roleplay_chat,Client,CL-IF-AO-*-Obj-*,74,1903,0.03888596952180767
HH_roleplay_chat,Client,CL-IF-HP-*-Fail-*,3,1903,0.0015764582238570678
HH_roleplay_chat,Client,CL-IF-HP-*-NegFR-*,8,1903,0.004203888596952181
HH_roleplay_chat,Client,CL-IF-HP-*-PosF-*,87,1903,0.04571728849185497
HH_roleplay_chat,Client,CL-IF-HP-*-PosFR-*,29,1903,0.015239096163951655
HH_roleplay_chat,Client,CL-IF-HP-*-RepRA-*,19,1903,0.009984235417761429
HH_roleplay_chat,Client,CL-IF-HP-*-Succ-*,11,1903,0.005780346820809248
HH_roleplay_chat,Client,CL-IF-Mot-*-FC-*,27,1903,0.01418812401471361
HH_roleplay_chat,Client,CL-IF-Mot-*-RC-*,22,1903,0.011560693641618497
HH_roleplay_chat,Client,CL-IF-RA-*-RF-*,18,1903,0.009458749343142408
HH_roleplay_chat,Client,CL-IF-RA-*-RP-*,44,1903,0.023121387283236993
HH_roleplay_chat,Client,CL-O-*-*-O-*,206,1903,0.10825013137151865
HH_roleplay_chat,Client,CL-O-*-*-UCO-*,24,1903,0.012611665790856543
HH_roleplay_chat,Client,CO-IF-AC-RF-RPD-*,1,1903,0.0005254860746190226
HH_roleplay_chat,Client,CO-IF-AC-RF-SRx-*,4,1903,0.0021019442984760903
HH_roleplay_chat,Client,CO-IF-HP-*-IEA,2,1903,0.0010509721492380452
HH_roleplay_chat,Client,CO-Mod-*-*-*-*,2,1903,0.0010509721492380452
HH_roleplay_chat,Counsellor,CL-E-*-*-ECP-*,3,2024,0.0014822134387351778
HH_roleplay_chat,Counsellor,CL-FC-*-*-F-*,8,2024,0.003952569169960474
HH_roleplay_chat,Counsellor,CL-FC-*-*-UPR-*,3,2024,0.0014822134387351778
HH_roleplay_chat,Counsellor,CL-IF-ACP-*-DPD-*,16,2024,0.007905138339920948
HH_roleplay_chat,Counsellor,CL-IF-ACP-*-Rej-*,2,2024,0.0009881422924901185
HH_roleplay_chat,Counsellor,CL-IF-AO-*-Obj-*,4,2024,0.001976284584980237
HH_roleplay_chat,Counsellor,CL-IF-HP-*-PosFR-*,2,2024,0.0009881422924901185
HH_roleplay_chat,Counsellor,CO-FA-*-*-*-*,207,2024,0.10227272727272728
HH_roleplay_chat,Counsellor,CO-FC-*-*-F-*,62,2024,0.030632411067193676
HH_roleplay_chat,Counsellor,CO-FC-*-*-OPR-*,52,2024,0.025691699604743084
HH_roleplay_chat,Counsellor,CO-IF-AC-RE-RCR-*,51,2024,0.025197628458498024
HH_roleplay_chat,Counsellor,CO-IF-AC-RE-RES-*,61,2024,0.030138339920948616
HH_roleplay_chat,Counsellor,CO-IF-AC-RF-RC-*,122,2024,0.06027667984189723
HH_roleplay_chat,Counsellor,CO-IF-AC-RF-RCD-*,20,2024,0.009881422924901186
HH_roleplay_chat,Counsellor,CO-IF-AC-RF-RLS-H,45,2024,0.022233201581027668
HH_roleplay_chat,Counsellor,CO-IF-AC-RF-RLS-L,11,2024,0.005434782608695652
HH_roleplay_chat,Counsellor,CO-IF-AC-RF-RLS-PS,4,2024,0.001976284584980237
HH_roleplay_chat,Counsellor,CO-IF-AC-RF-RLS-SR,43,2024,0.021245059288537548
HH_roleplay_chat,Counsellor,CO-IF-AC-RF-RPA-*,64,2024,0.03162055335968379
HH_roleplay_chat,Counsellor,CO-IF-AC-RF-RPD-*,47,2024,0.023221343873517788
HH_roleplay_chat,Counsellor,CO-IF-AC-RF-RTP-*,50,2024,0.024703557312252964
HH_roleplay_chat,Counsellor,CO-IF-AC-RF-SRx-*,205,2024,0.10128458498023715
HH_roleplay_chat,Counsellor,CO-IF-AO-*-ICO-*,42,2024,0.020750988142292492
HH_roleplay_chat,Counsellor,CO-IF-AO-*-ROW-*,34,2024,0.016798418972332016
HH_roleplay_chat,Counsellor,CO-IF-HP-*-ICO-*,3,2024,0.0014822134387351778
HH_roleplay_chat,Counsellor,CO-IF-HP-*-IEA,21,2024,0.010375494071146246
HH_roleplay_chat,Counsellor,CO-IF-HP-*-IF-*,2,2024,0.0009881422924901185
HH_roleplay_chat,Counsellor,CO-IF-HP-*-IPFR-*,32,2024,0.015810276679841896
HH_roleplay_chat,Counsellor,CO-IF-HP-*-ITFE-*,7,2024,0.003458498023715415
HH_roleplay_chat,Counsellor,CO-IF-HP-*-PP-IA,31,2024,0.015316205533596838
HH_roleplay_chat,Counsellor,CO-IF-HP-*-PP-IW,20,2024,0.009881422924901186
HH_roleplay_chat,Counsellor,CO-IF-Mot-*-IAC-*,22,2024,0.010869565217391304
HH_roleplay_chat,Counsellor,CO-IF-Mot-*-IEM-*,1,2024,0.0004940711462450593
HH_roleplay_chat,Counsellor,CO-IF-Mot-*-ITA-*,72,2024,0.03557312252964427
HH_roleplay_chat,Counsellor,CO-IF-Mot-*-RFC-*,12,2024,0.005928853754940711
HH_roleplay_chat,Counsellor,CO-IF-Mot-*-RS-*,4,2024,0.001976284584980237
HH_roleplay_chat,Counsellor,CO-IF-RA-*-N-RAFa,20,2024,0.009881422924901186
HH_roleplay_chat,Counsellor,CO-IF-RA-*-N-RAFr,6,2024,0.0029644268774703555
HH_roleplay_chat,Counsellor,CO-IF-RA-*-RAP-*,38,2024,0.018774703557312252
HH_roleplay_chat,Counsellor,CO-IF-RA-*-RP-*,10,2024,0.004940711462450593
HH_roleplay_chat,Counsellor,CO-Mod-*-*-*-*,247,2024,0.12203557312252965
HH_roleplay_chat,Counsellor,CO-O-*-*-O-*,296,2024,0.14624505928853754
HH_roleplay_chat,Counsellor,CO-O-*-*-UCO-*,22,2024,0.010869565217391304
HH_roleplay_mail,Client,CL-E-*-*-PT-*,1,639,0.001564945226917058
HH_roleplay_mail,Client,CL-FB-*-*-*-*,248,639,0.38810641627543035
HH_roleplay_mail,Client,CL-FC-*-*-F-*,9,639,0.014084507042253521
HH_roleplay_mail,Client,CL-FC-*-*-UPR-*,5,639,0.00782472613458529
HH_roleplay_mail,Client,CL-IF-ACP-*-Cons-*,6,639,0.009389671361502348
HH_roleplay_mail,Client,CL-IF-ACP-*-DPD-*,7,639,0.010954616588419406
HH_roleplay_mail,Client,CL-IF-ACP-*-FPA-*,34,639,0.053208137715179966
HH_roleplay_mail,Client,CL-IF-ACP-*-OE-*,3,639,0.004694835680751174
HH_roleplay_mail,Client,CL-IF-ACP-*-PD-*,39,639,0.06103286384976526
HH_roleplay_mail,Client,CL-IF-ACP-*-PS-*,62,639,0.09702660406885759
HH_roleplay_mail,Client,CL-IF-ACP-*-Req-*,4,639,0.006259780907668232
HH_roleplay_mail,Client,CL-IF-AO-*-Ext-*,4,639,0.006259780907668232
HH_roleplay_mail,Client,CL-IF-AO-*-Obj-*,4,639,0.006259780907668232
HH_roleplay_mail,Client,CL-IF-HP-*-PosF-*,72,639,0.11267605633802817
HH_roleplay_mail,Client,CL-IF-HP-*-PosFR-*,7,639,0.010954616588419406
HH_roleplay_mail,Client,CL-IF-HP-*-RepRA-*,37,639,0.057902973395931145
HH_roleplay_mail,Client,CL-IF-HP-*-Succ-*,3,639,0.004694835680751174
HH_roleplay_mail,Client,CL-IF-Mot-*-FC-*,1,639,0.001564945226917058
HH_roleplay_mail,Client,CL-IF-Mot-*-RC-*,26,639,0.0406885758998435
HH_roleplay_mail,Client,CL-IF-RA-*-RP-*,4,639,0.006259780907668232
HH_roleplay_mail,Client,CL-O-*-*-O-*,59,639,0.09233176838810642
HH_roleplay_mail,Client,CL-O-*-*-UCO-*,2,639,0.003129890453834116
HH_roleplay_mail,Client,CO-FC-*-*-F-*,1,639,0.001564945226917058
HH_roleplay_mail,Client,CO-IF-AC-RF-SRx-*,1,639,0.001564945226917058
HH_roleplay_mail,Counsellor,CL-E-*-*-ECC-*,1,664,0.0015060240963855422
HH_roleplay_mail,Counsellor,CL-IF-HP-*-Succ-*,1,664,0.0015060240963855422
HH_roleplay_mail,Counsellor,CO-FA-*-*-*-*,273,664,0.411144578313253
HH_roleplay_mail,Counsellor,CO-FC-*-*-F-*,18,664,0.02710843373493976
HH_roleplay_mail,Counsellor,CO-FC-*-*-OPR-*,31,664,0.046686746987951805
HH_roleplay_mail,Counsellor,CO-IF-AC-RE-RES-*,3,664,0.004518072289156626
HH_roleplay_mail,Counsellor,CO-IF-AC-RF-RLS-H,1,664,0.0015060240963855422
HH_roleplay_mail,Counsellor,CO-IF-AC-RF-RLS-L,1,664,0.0015060240963855422
HH_roleplay_mail,Counsellor,CO-IF-AC-RF-SRx-*,96,664,0.14457831325301204
HH_roleplay_mail,Counsellor,CO-IF-AO-*-ICO-*,1,664,0.0015060240963855422
HH_roleplay_mail,Counsellor,CO-IF-HP-*-ICO-*,10,664,0.015060240963855422
HH_roleplay_mail,Counsellor,CO-IF-HP-*-IEA,2,664,0.0030120481927710845
HH_roleplay_mail,Counsellor,CO-IF-HP-*-IPFR-*,31,664,0.046686746987951805
HH_roleplay_mail,Counsellor,CO-IF-HP-*-PP-IA,6,664,0.009036144578313253
HH_roleplay_mail,Counsellor,CO-IF-HP-*-PP-IW,2,664,0.0030120481927710845
HH_roleplay_mail,Counsellor,CO-IF-Mot-*-IAC-*,37,664,0.05572289156626506
HH_roleplay_mail,Counsellor,CO-IF-Mot-*-IEM-*,4,664,0.006024096385542169
HH_roleplay_mail,Counsellor,CO-IF-Mot-*-ITA-*,47,664,0.07078313253012049
HH_roleplay_mail,Counsellor,CO-IF-Mot-*-RFC-*,2,664,0.0030120481927710845
HH_roleplay_mail,Counsellor,CO-IF-RA-*-N-RAFa,1,664,0.0015060240963855422
HH_roleplay_mail,Counsellor,CO-IF-RA-*-RAP-*,6,664,0.009036144578313253
HH_roleplay_mail,Counsellor,CO-Mod-*-*-*-*,32,664,0.04819277108433735
HH_roleplay_mail,Counsellor,CO-O-*-*-O-*,47,664,0.07078313253012049
HH_roleplay_mail,Counsellor,CO-O-*-*-UCO-*,11,664,0.016566265060240965
H_LLM_roleplay_chat,Client,CL-E-*-*-ECC-*,3,10193,0.00029431963111939565
H_LLM_roleplay_chat,Client,CL-E-*-*-ECP-*,143,10193,0.014029235750024526
H_LLM_roleplay_chat,Client,CL-E-*-*-PT-*,201,10193,0.01971941528499951
H_LLM_roleplay_chat,Client,CL-FB-*-*-*-*,714,10193,0.07004807220641616
H_LLM_roleplay_chat,Client,CL-FC-*-*-F-*,138,10193,0.0135387030314922
H_LLM_roleplay_chat,Client,CL-FC-*-*-UPR-*,149,10193,0.014617875012263318
H_LLM_roleplay_chat,Client,CL-IF-ACP-*-Cons-*,444,10193,0.04355930540567056
H_LLM_roleplay_chat,Client,CL-IF-ACP-*-DPD-*,413,10193,0.040518002550770135
H_LLM_roleplay_chat,Client,CL-IF-ACP-*-FPA-*,442,10193,0.04336309231825763
H_LLM_roleplay_chat,Client,CL-IF-ACP-*-OE-*,155,10193,0.01520651427450211
H_LLM_roleplay_chat,Client,CL-IF-ACP-*-PD-*,943,10193,0.09251447071519671
H_LLM_roleplay_chat,Client,CL-IF-ACP-*-PS-*,1110,10193,0.10889826351417639
H_LLM_roleplay_chat,Client,CL-IF-ACP-*-Rej-*,54,10193,0.005297753360149122
H_LLM_roleplay_chat,Client,CL-IF-ACP-*-Req-*,120,10193,0.011772785244775827
H_LLM_roleplay_chat,Client,CL-IF-AO-*-Ext-*,413,10193,0.040518002550770135
H_LLM_roleplay_chat,Client,CL-IF-AO-*-Obj-*,792,10193,0.07770038261552045
H_LLM_roleplay_chat,Client,CL-IF-HP-*-Fail-*,37,10193,0.003629942117139213
H_LLM_roleplay_chat,Client,CL-IF-HP-*-NegFR-*,116,10193,0.011380359069949966
H_LLM_roleplay_chat,Client,CL-IF-HP-*-PosF-*,504,10193,0.04944569802805847
H_LLM_roleplay_chat,Client,CL-IF-HP-*-PosFR-*,451,10193,0.04424605121161582
H_LLM_roleplay_chat,Client,CL-IF-HP-*-RepRA-*,585,10193,0.05739232806828216
H_LLM_roleplay_chat,Client,CL-IF-HP-*-Succ-*,178,10193,0.01746296477975081
H_LLM_roleplay_chat,Client,CL-IF-Mot-*-FC-*,191,10193,0.018738349847934856
H_LLM_roleplay_chat,Client,CL-IF-Mot-*-RC-*,525,10193,0.05150593544589424
H_LLM_roleplay_chat,Client,CL-IF-RA-*-RF-*,440,10193,0.043166879230844696
H_LLM_roleplay_chat,Client,CL-IF-RA-*-RP-*,550,10193,0.05395859903855587
H_LLM_roleplay_chat,Client,CL-O-*-*-O-*,294,10193,0.028843323849700776
H_LLM_roleplay_chat,Client,CL-O-*-*-UCO-*,57,10193,0.005592072991268518
H_LLM_roleplay_chat,Client,CO-FC-*-*-OPR-*,9,10193,0.000882958893358187
H_LLM_roleplay_chat,Client,CO-IF-AC-RE-RES-*,3,10193,0.00029431963111939565
H_LLM_roleplay_chat,Client,CO-IF-AC-RF-SRx-*,7,10193,0.0006867458059452565
H_LLM_roleplay_chat,Client,CO-IF-AO-*-ICO-*,1,10193,9.810654370646523e-05
H_LLM_roleplay_chat,Client,CO-IF-HP-*-IPFR-*,4,10193,0.0003924261748258609
H_LLM_roleplay_chat,Client,CO-IF-HP-*-PP-IW,1,10193,9.810654370646523e-05
H_LLM_roleplay_chat,Client,CO-Mod-*-*-*-*,6,10193,0.0005886392622387913
H_LLM_roleplay_chat,Counsellor,CL-E-*-*-ECC-*,4,10924,0.0003661662394727206
H_LLM_roleplay_chat,Counsellor,CL-E-*-*-ECP-*,1,10924,9.154155986818015e-05
H_LLM_roleplay_chat,Counsellor,CL-E-*-*-PT-*,4,10924,0.0003661662394727206
H_LLM_roleplay_chat,Counsellor,CL-FC-*-*-F-*,35,10924,0.0032039545953863055
H_LLM_roleplay_chat,Counsellor,CL-FC-*-*-UPR-*,3,10924,0.00027462467960454045
H_LLM_roleplay_chat,Counsellor,CL-IF-ACP-*-DPD-*,93,10924,0.008513365067740754
H_LLM_roleplay_chat,Counsellor,CL-IF-ACP-*-FPA-*,3,10924,0.00027462467960454045
H_LLM_roleplay_chat,Counsellor,CL-IF-ACP-*-PS-*,1,10924,9.154155986818015e-05
H_LLM_roleplay_chat,Counsellor,CL-IF-ACP-*-Rej-*,12,10924,0.0010984987184181618
H_LLM_roleplay_chat,Counsellor,CL-IF-AO-*-Ext-*,4,10924,0.0003661662394727206
H_LLM_roleplay_chat,Counsellor,CL-IF-AO-*-Obj-*,23,10924,0.0021054558769681435
H_LLM_roleplay_chat,Counsellor,CL-IF-HP-*-Fail-*,2,10924,0.0001830831197363603
H_LLM_roleplay_chat,Counsellor,CL-IF-HP-*-NegFR-*,1,10924,9.154155986818015e-05
H_LLM_roleplay_chat,Counsellor,CL-IF-HP-*-PosFR-*,16,10924,0.0014646649578908824
H_LLM_roleplay_chat,Counsellor,CL-IF-HP-*-RepRA-*,13,10924,0.001190040278286342
H_LLM_roleplay_chat,Counsellor,CL-IF-HP-*-Succ-*,1,10924,9.154155986818015e-05
H_LLM_roleplay_chat,Counsellor,CL-O-*-*-UCO-*,5,10924,0.0004577077993409008
H_LLM_roleplay_chat,Counsellor,CO-FA-*-*-*-*,975,10924,0.08925302087147564
H_LLM_roleplay_chat,Counsellor,CO-FC-*-*-F-*,225,10924,0.020596850970340533
H_LLM_roleplay_chat,Counsellor,CO-FC-*-*-OPR-*,306,10924,0.028011717319663128
H_LLM_roleplay_chat,Counsellor,CO-IF-AC-RE-RCR-*,438,10924,0.040095203222262905
H_LLM_roleplay_chat,Counsellor,CO-IF-AC-RE-RES-*,280,10924,0.025631636763090444
H_LLM_roleplay_chat,Counsellor,CO-IF-AC-RF-RC-*,393,10924,0.0359758330281948
H_LLM_roleplay_chat,Counsellor,CO-IF-AC-RF-RCD-*,90,10924,0.008238740388136214
H_LLM_roleplay_chat,Counsellor,CO-IF-AC-RF-RLS-ES,40,10924,0.003661662394727206
H_LLM_roleplay_chat,Counsellor,CO-IF-AC-RF-RLS-H,123,10924,0.011259611863786158
H_LLM_roleplay_chat,Counsellor,CO-IF-AC-RF-RLS-L,111,10924,0.010161113145367997
H_LLM_roleplay_chat,Counsellor,CO-IF-AC-RF-RLS-PS,329,10924,0.03011717319663127
H_LLM_roleplay_chat,Counsellor,CO-IF-AC-RF-RLS-SR,280,10924,0.025631636763090444
H_LLM_roleplay_chat,Counsellor,CO-IF-AC-RF-RPA-*,361,10924,0.033046503112413035
H_LLM_roleplay_chat,Counsellor,CO-IF-AC-RF-RPD-*,174,10924,0.015928231417063347
H_LLM_roleplay_chat,Counsellor,CO-IF-AC-RF-RTP-*,354,10924,0.032405712193335774
H_LLM_roleplay_chat,Counsellor,CO-IF-AC-RF-SRx-*,1089,10924,0.0996887586964482
H_LLM_roleplay_chat,Counsellor,CO-IF-AO-*-ICO-*,382,10924,0.03496887586964482
H_LLM_roleplay_chat,Counsellor,CO-IF-AO-*-ROW-*,278,10924,0.025448553643354084
H_LLM_roleplay_chat,Counsellor,CO-IF-HP-*-ICO-*,66,10924,0.0060417429512998905
H_LLM_roleplay_chat,Counsellor,CO-IF-HP-*-IEA,116,10924,0.010618820944708897
H_LLM_roleplay_chat,Counsellor,CO-IF-HP-*-IF-*,21,10924,0.0019223727572317832
H_LLM_roleplay_chat,Counsellor,CO-IF-HP-*-IPFR-*,305,10924,0.027920175759794948
H_LLM_roleplay_chat,Counsellor,CO-IF-HP-*-ITFE-*,66,10924,0.0060417429512998905
H_LLM_roleplay_chat,Counsellor,CO-IF-HP-*-PP-IA,124,10924,0.011351153423654338
H_LLM_roleplay_chat,Counsellor,CO-IF-HP-*-PP-IW,89,10924,0.008147198828268034
H_LLM_roleplay_chat,Counsellor,CO-IF-Mot-*-IAC-*,201,10924,0.01839985353350421
H_LLM_roleplay_chat,Counsellor,CO-IF-Mot-*-IEM-*,67,10924,0.006133284511168071
H_LLM_roleplay_chat,Counsellor,CO-IF-Mot-*-ITA-*,367,10924,0.033595752471622116
H_LLM_roleplay_chat,Counsellor,CO-IF-Mot-*-RFC-*,154,10924,0.014097400219699744
H_LLM_roleplay_chat,Counsellor,CO-IF-Mot-*-RS-*,92,10924,0.008421823507872574
H_LLM_roleplay_chat,Counsellor,CO-IF-RA-*-N-RAFa,103,10924,0.009428780666422555
H_LLM_roleplay_chat,Counsellor,CO-IF-RA-*-N-RAFr,28,10924,0.002563163676309044
H_LLM_roleplay_chat,Counsellor,CO-IF-RA-*-RAP-*,104,10924,0.009520322226290736
H_LLM_roleplay_chat,Counsellor,CO-IF-RA-*-RP-*,47,10924,0.004302453313804467
H_LLM_roleplay_chat,Counsellor,CO-Mod-*-*-*-*,838,10924,0.07671182716953497
H_LLM_roleplay_chat,Counsellor,CO-O-*-*-O-*,1595,10924,0.14600878798974734
H_LLM_roleplay_chat,Counsellor,CO-O-*-*-UCO-*,92,10924,0.008421823507872574
