condition,from,to,count,prob
HH_roleplay_chat,CO:Clarify,CL:Clarify,451,0.6195054945054945
HH_roleplay_chat,CL:Clarify,CO:Clarify,316,0.2953271028037383
HH_roleplay_chat,CL:Clarify,CL:Clarify,155,0.14485981308411214
HH_roleplay_chat,CL:Clarify,CO:Other,137,0.1280373831775701
HH_roleplay_chat,CO:Moderation,CL:Clarify,105,0.42168674698795183
H_LLM_roleplay_chat,CO:Clarify,CL:Clarify,1939,0.47664700098328416
H_LLM_roleplay_chat,CL:Clarify,CO:Clarify,1432,0.37913688112258404
H_LLM_roleplay_chat,CO:Other,CO:Clarify,540,0.32009484291641965
H_LLM_roleplay_chat,CL:Clarify,CO:Other,438,0.11596505162827642
H_LLM_roleplay_chat,CO:Clarify,CL:Objectives,438,0.10766961651917405
HH_roleplay_mail,CL:Opening,CL:Clarify,104,0.42448979591836733
HH_roleplay_mail,CL:Clarify,CO:Opening,84,0.5454545454545454
HH_roleplay_mail,CL:Opening,CL:Help,84,0.34285714285714286
HH_roleplay_mail,CO:Opening,CO:Clarify,75,0.2767527675276753
HH_roleplay_mail,CO:Clarify,CL:Opening,74,0.7254901960784313
HH_real_mail,CL:Opening,CL:Clarify,113,0.4870689655172414
HH_real_mail,CO:Opening,CO:Clarify,98,0.2857142857142857
HH_real_mail,CL:Clarify,CO:Opening,87,0.453125
HH_real_mail,CO:Other,CO:Opening,81,0.9310344827586207
HH_real_mail,CL:Opening,CL:Help,61,0.2629310344827586
HH_CAIA_mail,CL:Clarify,CO:Opening,82,0.6356589147286822
HH_CAIA_mail,CO:Clarify,CL:Opening,55,0.6790123456790124
HH_CAIA_mail,CL:Opening,CL:Other,50,0.32051282051282054
HH_CAIA_mail,CO:Opening,CO:Moderation,47,0.31333333333333335
HH_CAIA_mail,CL:Opening,CL:Clarify,44,0.28205128205128205
HH_real_chat,CO:Clarify,CL:Clarify,467,0.5373993095512083
HH_real_chat,CL:Clarify,CO:Clarify,344,0.2732327243844321
HH_real_chat,CL:Clarify,CL:Clarify,198,0.1572676727561557
HH_real_chat,CL:Clarify,CO:Other,194,0.15409054805401112
HH_real_chat,CL:Other,CL:Clarify,154,0.24444444444444444
