label,label_text,condition,n,top1_median,entropy_median,share_below_90
CL-IF-ACP-*-Rej-*,Rejection,HH_roleplay_chat,44,0.9937132298946381,0.0789639577269554,0.11363636363636363
CL-IF-ACP-*-Rej-*,Rejection,HH_real_chat,83,0.9965296387672424,0.0475633852183818,0.25301204819277107
CL-IF-ACP-*-Rej-*,Rejection,H_LLM_roleplay_chat,66,0.9845501482486726,0.18177700042724604,0.2727272727272727
CL-IF-ACP-*-Req-*,General request,HH_roleplay_chat,77,0.9985879063606262,0.0226606149226427,0.11688311688311688
CL-IF-ACP-*-Req-*,General request,HH_real_chat,70,0.9984058141708374,0.02555482462048525,0.08571428571428572
CL-IF-ACP-*-Req-*,General request,H_LLM_roleplay_chat,120,0.9895882606506348,0.1231724917888641,0.325
CL-IF-ACP-*-PS-*,Problem statement,HH_roleplay_chat,158,0.9882227778434753,0.1207197122275829,0.27848101265822783
CL-IF-ACP-*-PS-*,Problem statement,HH_real_chat,225,0.9810799956321716,0.1970606446266174,0.3688888888888889
CL-IF-ACP-*-PS-*,Problem statement,H_LLM_roleplay_chat,1111,0.9876077771186828,0.1357830613851547,0.3132313231323132
CL-IF-ACP-*-Cons-*,Consent,HH_roleplay_chat,424,0.9985132813453674,0.0235009714961051,0.1580188679245283
CL-IF-ACP-*-Cons-*,Consent,HH_real_chat,437,0.997497856616974,0.0371473431587219,0.18306636155606407
CL-IF-ACP-*-Cons-*,Consent,H_LLM_roleplay_chat,444,0.9950345754623412,0.0621347092092037,0.240990990990991
CL-IF-AO-*-Obj-*,Objective of the assignment,HH_roleplay_chat,78,0.9646390676498413,0.2868331670761108,0.3333333333333333
CL-IF-AO-*-Obj-*,Objective of the assignment,HH_real_chat,44,0.9131329953670502,0.6272422671318054,0.4772727272727273
CL-IF-AO-*-Obj-*,Objective of the assignment,H_LLM_roleplay_chat,815,0.9591909050941468,0.3434141874313354,0.38404907975460123
CL-O-*-*-O-*,Other statements (client),HH_roleplay_chat,206,0.989780455827713,0.1258790791034698,0.25728155339805825
CL-O-*-*-O-*,Other statements (client),HH_real_chat,615,0.9811620712280272,0.2022412419319152,0.2813008130081301
CL-O-*-*-O-*,Other statements (client),H_LLM_roleplay_chat,294,0.9829540848731996,0.1810079514980316,0.3435374149659864
CO-O-*-*-UCO-*,Inappropriate remark (counselor),HH_roleplay_chat,22,0.6030249297618866,2.6474926471710205,0.7727272727272727
CO-O-*-*-UCO-*,Inappropriate remark (counselor),HH_real_chat,154,0.6119111478328705,2.1572537422180176,0.8311688311688312
CO-O-*-*-UCO-*,Inappropriate remark (counselor),H_LLM_roleplay_chat,92,0.4769240915775299,2.7375309467315674,0.8913043478260869
