condition,from_state,to_state,prob
HH_roleplay_chat,0,0,0.9724747893296561
HH_roleplay_chat,0,1,0.026490740296006822
HH_roleplay_chat,0,2,0.0010344703743369714
HH_roleplay_chat,1,0,0.016656266691804332
HH_roleplay_chat,1,1,0.983343732415613
HH_roleplay_chat,1,2,8.925826267479471e-10
HH_roleplay_chat,2,0,0.20921202282218232
HH_roleplay_chat,2,1,5.0075323260909726e-26
HH_roleplay_chat,2,2,0.7907879771778177
HH_real_chat,0,0,0.9794648776539888
HH_real_chat,0,1,0.01995598893463244
HH_real_chat,0,2,0.0005791334113787631
HH_real_chat,1,0,0.04065762762800985
HH_real_chat,1,1,0.9593423620407825
HH_real_chat,1,2,1.0331207676870708e-08
HH_real_chat,2,0,0.18918976042508975
HH_real_chat,2,1,2.9936587211498563e-44
HH_real_chat,2,2,0.8108102395749102
H_LLM_roleplay_chat,0,0,0.9502804229065689
H_LLM_roleplay_chat,0,1,0.04956772100993815
H_LLM_roleplay_chat,0,2,0.00015185608349289382
H_LLM_roleplay_chat,1,0,0.01724186842167655
H_LLM_roleplay_chat,1,1,0.9825290400081012
H_LLM_roleplay_chat,1,2,0.00022909157022232618
H_LLM_roleplay_chat,2,0,0.1726082021634285
H_LLM_roleplay_chat,2,1,3.1533360334117593e-40
H_LLM_roleplay_chat,2,2,0.8273917978365716
HH_roleplay_mail,0,0,0.26394288383482606
HH_roleplay_mail,0,1,0.47688963820842195
HH_roleplay_mail,0,2,0.2591674779567518
HH_roleplay_mail,1,0,0.9387759710613581
HH_roleplay_mail,1,1,0.06122402893864187
HH_roleplay_mail,1,2,2.726321641976467e-23
HH_roleplay_mail,2,0,0.0004241179982670413
HH_roleplay_mail,2,1,0.999575882001733
HH_roleplay_mail,2,2,8.92294016469321e-21
HH_CAIA_mail,0,0,0.28243403861446414
HH_CAIA_mail,0,1,0.7175659611595184
HH_CAIA_mail,0,2,2.2601750466188428e-10
HH_CAIA_mail,1,0,0.432363886559125
HH_CAIA_mail,1,1,0.05035350620851961
HH_CAIA_mail,1,2,0.5172826072323555
HH_CAIA_mail,2,0,0.8874267787328497
HH_CAIA_mail,2,1,2.7996480700245203e-06
HH_CAIA_mail,2,2,0.1125704216190804
