conversation_id,segment,n_messages,start_role,signal_agreement
1018,0,1,Client,
1018,1,116,Counsellor,0.7758620689655172
1019,0,3,Client,
1019,1,42,Counsellor,0.6341463414634146
1020,0,1,Client,
1020,1,50,Counsellor,0.88
1021,0,1,Client,
1021,1,46,Counsellor,0.8260869565217391
1022,0,1,Client,
1022,1,74,Counsellor,0.8108108108108109
1023,0,2,Client,
1023,1,48,Counsellor,0.723404255319149
1024,0,1,Client,
1024,1,82,Counsellor,0.7560975609756098
1025,0,1,Client,
1025,1,28,Counsellor,0.8571428571428571
1026,0,1,Client,
1026,1,42,Counsellor,0.8095238095238095
1027,0,1,Client,
1027,1,86,Counsellor,0.7558139534883721
1028,0,1,Client,
1028,1,68,Counsellor,0.75
1029,0,1,Client,
1029,1,56,Counsellor,0.8035714285714286
1030,0,2,Client,
1030,1,122,Counsellor,0.8360655737704918
1031,0,2,Client,
1031,1,124,Counsellor,0.7419354838709677
1036,0,2,Client,
1036,1,48,Counsellor,0.7291666666666666
1037,0,1,Client,
1037,1,36,Counsellor,0.7714285714285715
1038,0,1,Client,
1038,1,21,Counsellor,0.7619047619047619
1038,2,1,Counsellor,1.0
1038,3,42,Counsellor,0.9285714285714286
1039,0,2,Client,
1039,1,15,Counsellor,0.7333333333333333
1039,2,1,Counsellor,1.0
1039,3,62,Counsellor,0.7540983606557377
1040,0,2,Client,
1040,1,126,Counsellor,0.6904761904761905
1041,0,2,Client,
1041,1,66,Counsellor,0.696969696969697
1042,0,3,Client,
1042,1,74,Counsellor,0.7972972972972973
1043,0,1,Client,
1043,1,44,Counsellor,0.8636363636363636
1044,0,2,Client,
1044,1,78,Counsellor,0.782051282051282
1045,0,1,Client,
1045,1,20,Counsellor,0.7894736842105263
1046,0,1,Client,
1046,1,72,Counsellor,0.7638888888888888
1047,0,1,Client,
1047,1,38,Counsellor,0.7368421052631579
1048,0,3,Client,
1048,1,76,Counsellor,0.8
1049,0,1,Client,
1049,1,38,Counsellor,0.631578947368421
