speaker,label,pooled_share,delta_without,delta_full,change,in_S1,in_S2,in_S3
Client,CL-IF-ACP-*-Cons-*,0.08908,0.1868,0.2197,-0.0329,False,False,False
Client,CL-O-*-*-O-*,0.07611,0.1886,0.2197,-0.0312,False,True,False
Client,CL-IF-RA-*-RF-*,0.03188,0.2102,0.2197,-0.0095,False,False,False
Counselor,CO-IF-AC-RF-RLS-PS,0.02258,0.0236,0.0331,-0.0095,False,False,False
Counselor,CO-IF-AO-*-ICO-*,0.02878,0.0258,0.0331,-0.0073,True,False,False
Client,CL-IF-HP-*-RepRA-*,0.04335,0.2134,0.2197,-0.0064,False,False,False
Counselor,CO-IF-HP-*-IPFR-*,0.02284,0.0268,0.0331,-0.0063,False,False,False
Client,CL-IF-ACP-*-Rej-*,0.0116,0.2139,0.2197,-0.0058,False,False,False
Client,CL-IF-HP-*-PosFR-*,0.03413,0.2148,0.2197,-0.005,False,False,False
Counselor,CO-Mod-*-*-*-*,0.08746,0.0284,0.0331,-0.0048,False,False,False
Client,CL-IF-RA-*-RP-*,0.04185,0.2153,0.2197,-0.0044,False,False,False
Counselor,CO-IF-AC-RF-RPD-*,0.0201,0.0298,0.0331,-0.0033,False,False,False
Client,CL-IF-AO-*-Obj-*,0.06198,0.2168,0.2197,-0.003,True,False,False
Counselor,CO-IF-RA-*-RAP-*,0.01234,0.0304,0.0331,-0.0028,False,False,False
Client,CL-IF-HP-*-Succ-*,0.01352,0.218,0.2197,-0.0018,False,False,False
Counselor,CO-IF-AC-RF-RLS-H,0.0139,0.0316,0.0331,-0.0016,False,False,False
Counselor,CO-IF-Mot-*-IAC-*,0.01586,0.0315,0.0331,-0.0016,False,False,False
Counselor,CO-IF-AO-*-ROW-*,0.02245,0.0317,0.0331,-0.0014,False,False,False
Counselor,CO-IF-AC-RE-RCR-*,0.03564,0.0318,0.0331,-0.0013,False,False,False
Client,CL-O-*-*-UCO-*,0.00922,0.2185,0.2197,-0.0012,True,False,False
Counselor,CO-IF-HP-*-PP-IA,0.01305,0.0322,0.0331,-0.001,False,False,False
Client,CL-E-*-*-PT-*,0.01556,0.2191,0.2197,-0.0006,False,False,False
Counselor,CO-IF-AC-RE-RES-*,0.02787,0.0326,0.0331,-0.0005,False,False,False
Client,CO-FC-*-*-OPR-*,0.00061,0.2193,0.2197,-0.0004,False,False,False
Counselor,CO-IF-HP-*-PP-IW,0.00927,0.0327,0.0331,-0.0004,False,False,False
Counselor,CL-E-*-*-PT-*,0.00026,0.0328,0.0331,-0.0003,False,False,False
Counselor,CL-IF-HP-*-PosFR-*,0.00117,0.0329,0.0331,-0.0003,False,False,False
Counselor,CL-IF-AO-*-Ext-*,0.00026,0.0328,0.0331,-0.0003,True,False,False
Client,CL-E-*-*-ECC-*,0.00055,0.2195,0.2197,-0.0002,False,False,False
Client,CL-IF-ACP-*-Req-*,0.01823,0.2195,0.2197,-0.0002,False,False,False
Client,CO-IF-HP-*-IPFR-*,0.00027,0.2196,0.2197,-0.0002,False,False,False
Counselor,CL-IF-HP-*-Fail-*,0.00013,0.033,0.0331,-0.0002,False,False,False
Client,CO-IF-AC-RE-RES-*,0.0002,0.2196,0.2197,-0.0001,False,False,False
Counselor,CO-FC-*-*-OPR-*,0.02474,0.033,0.0331,-0.0001,False,False,False
Counselor,CL-IF-HP-*-Succ-*,7e-05,0.0331,0.0331,-0.0001,False,False,False
Counselor,CO-IF-AC-RF-RCD-*,0.00862,0.0331,0.0331,0.0,False,False,False
Counselor,CL-IF-AO-*-Obj-*,0.00189,0.0331,0.0331,0.0,True,False,False
Client,CO-IF-AO-*-ICO-*,7e-05,0.2197,0.2197,-0.0,True,False,False
Counselor,CO-IF-RA-*-N-RAFr,0.00248,0.0333,0.0331,0.0001,False,False,False
Counselor,CO-IF-HP-*-IW-*,0.00013,0.0332,0.0331,0.0001,False,False,False
Counselor,CO-IF-AC-RF-RLS-SR,0.02402,0.0332,0.0331,0.0001,False,False,False
Counselor,CL-IF-ACP-*-OE-*,7e-05,0.0332,0.0331,0.0001,False,False,False
Counselor,CL-IF-Mot-*-RC-*,0.00013,0.0332,0.0331,0.0001,False,False,False
Client,CO-IF-HP-*-ITFE-*,7e-05,0.22,0.2197,0.0002,False,False,False
Counselor,CL-IF-ACP-*-DPD-*,0.00842,0.0333,0.0331,0.0002,False,False,False
Counselor,CO-IF-AC-RF-RPA-*,0.03048,0.0334,0.0331,0.0003,False,False,False
Counselor,CL-IF-HP-*-RepRA-*,0.00091,0.0334,0.0331,0.0003,False,False,False
Counselor,CL-IF-ACP-*-Rej-*,0.0015,0.0335,0.0331,0.0003,False,False,False
Counselor,CL-IF-ACP-*-PS-*,0.0002,0.0336,0.0331,0.0004,False,False,False
Client,CO-IF-HP-*-PP-IW,0.00014,0.2201,0.2197,0.0004,False,False,False
Client,CO-Mod-*-*-*-*,0.00116,0.2201,0.2197,0.0004,False,False,False
Client,CO-IF-AC-RF-RPD-*,7e-05,0.2203,0.2197,0.0005,False,False,False
Counselor,CL-IF-HP-*-NegFR-*,0.00026,0.0337,0.0331,0.0005,False,False,False
Counselor,CL-FC-*-*-F-*,0.00294,0.0338,0.0331,0.0006,False,False,True
Counselor,CO-IF-RA-*-N-RAFa,0.00842,0.0339,0.0331,0.0007,False,False,False
Counselor,CO-O-*-*-UCO-*,0.01749,0.0338,0.0331,0.0007,True,False,False
Counselor,CL-O-*-*-UCO-*,0.00046,0.034,0.0331,0.0008,True,False,False
Counselor,CO-FC-*-*-F-*,0.02213,0.0339,0.0331,0.0008,False,False,True
Counselor,CO-IF-HP-*-ICO-*,0.00509,0.0339,0.0331,0.0008,False,False,False
Client,CO-IF-AC-RF-SRx-*,0.00082,0.2207,0.2197,0.0009,False,False,False
Counselor,CO-IF-RA-*-RP-*,0.00379,0.034,0.0331,0.0009,False,False,False
Counselor,CL-IF-ACP-*-FPA-*,0.00039,0.034,0.0331,0.0009,False,False,False
Counselor,CO-IF-Mot-*-RS-*,0.00705,0.0341,0.0331,0.001,False,False,False
Client,CO-IF-HP-*-IEA,0.00014,0.2208,0.2197,0.0011,False,False,False
Counselor,CO-IF-Mot-*-RFC-*,0.0124,0.0343,0.0331,0.0011,False,False,False
Counselor,CO-IF-Mot-*-IEM-*,0.00489,0.0343,0.0331,0.0011,False,False,False
Counselor,CO-IF-HP-*-IEA,0.01292,0.0344,0.0331,0.0012,False,False,False
Client,CL-E-*-*-ECP-*,0.0116,0.2209,0.2197,0.0012,False,False,False
Counselor,CL-FC-*-*-UPR-*,0.00039,0.0343,0.0331,0.0012,False,False,False
Counselor,CO-IF-AC-RF-RLS-L,0.0094,0.0343,0.0331,0.0012,False,False,False
Counselor,CO-IF-Mot-*-ITA-*,0.03191,0.0343,0.0331,0.0012,False,False,False
Client,CL-IF-AO-*-Ext-*,0.03386,0.2209,0.2197,0.0012,True,False,False
Counselor,CO-IF-HP-*-IF-*,0.00222,0.0344,0.0331,0.0013,False,False,False
Counselor,CL-E-*-*-ECP-*,0.00026,0.0345,0.0331,0.0014,False,False,False
Counselor,CO-IF-AC-RF-RLS-ES,0.00287,0.0347,0.0331,0.0015,False,False,False
Counselor,CO-FA-*-*-*-*,0.09078,0.0346,0.0331,0.0015,True,False,False
Counselor,CL-E-*-*-ECC-*,0.00078,0.0349,0.0331,0.0017,False,False,False
Counselor,CO-IF-AC-RF-SRx-*,0.09712,0.035,0.0331,0.0018,False,False,False
Counselor,CO-IF-HP-*-ITFE-*,0.0062,0.0351,0.0331,0.0019,False,False,False
Client,CL-IF-Mot-*-FC-*,0.01741,0.2217,0.2197,0.0019,False,False,False
Counselor,CO-IF-AC-RF-RC-*,0.03968,0.0356,0.0331,0.0025,False,False,False
Counselor,CO-O-*-*-O-*,0.14587,0.0358,0.0331,0.0027,False,True,False
Client,CL-IF-ACP-*-DPD-*,0.03789,0.2237,0.2197,0.004,False,False,False
Client,CL-IF-HP-*-Fail-*,0.00423,0.2239,0.2197,0.0041,False,False,False
Client,CL-IF-ACP-*-FPA-*,0.03952,0.2255,0.2197,0.0057,False,False,False
Client,CL-IF-HP-*-PosF-*,0.04854,0.2255,0.2197,0.0057,False,False,False
Client,CL-IF-HP-*-NegFR-*,0.01085,0.2257,0.2197,0.0059,False,False,False
Client,CL-FB-*-*-*-*,0.0639,0.226,0.2197,0.0062,True,False,False
Client,CL-FC-*-*-UPR-*,0.01311,0.226,0.2197,0.0063,False,False,False
Client,CL-IF-ACP-*-OE-*,0.01741,0.2268,0.2197,0.007,False,False,False
Client,CL-IF-Mot-*-RC-*,0.04171,0.2268,0.2197,0.007,False,False,False
Client,CL-FC-*-*-F-*,0.0157,0.2289,0.2197,0.0092,False,False,True
Counselor,CO-IF-AC-RF-RTP-*,0.03668,0.0425,0.0331,0.0094,False,False,False
Client,CL-IF-ACP-*-PD-*,0.09188,0.2305,0.2197,0.0107,False,False,False
Client,CL-IF-ACP-*-PS-*,0.10178,0.2322,0.2197,0.0125,False,False,False
