condition,state,occupancy,label,prob
HH_roleplay_chat,0,0.7303284950343774,Opening,0.019189355242095623
HH_roleplay_chat,0,0.7303284950343774,Empathy,0.011848540343977667
HH_roleplay_chat,0,0.7303284950343774,Clarify,0.5701632795234065
HH_roleplay_chat,0,0.7303284950343774,Objectives,0.059707983299405305
HH_roleplay_chat,0,0.7303284950343774,Motivation,0.03789837845044944
HH_roleplay_chat,0,0.7303284950343774,Resources,0.038210108506630605
HH_roleplay_chat,0,0.7303284950343774,Help,0.039523059754508545
HH_roleplay_chat,0,0.7303284950343774,Closing,0.010620477105396516
HH_roleplay_chat,0,0.7303284950343774,Moderation,0.06840783241479113
HH_roleplay_chat,0,0.7303284950343774,Other,0.14443098535933874
HH_roleplay_chat,1,0.1881843646549529,Opening,0.026901910672919534
HH_roleplay_chat,1,0.1881843646549529,Empathy,0.002127740793003918
HH_roleplay_chat,1,0.1881843646549529,Clarify,0.15302174713031755
HH_roleplay_chat,1,0.1881843646549529,Objectives,0.02835007103712385
HH_roleplay_chat,1,0.1881843646549529,Motivation,0.05870395516087924
HH_roleplay_chat,1,0.1881843646549529,Resources,0.03540393435914386
HH_roleplay_chat,1,0.1881843646549529,Help,0.2125017953669938
HH_roleplay_chat,1,0.1881843646549529,Closing,0.2485277512766707
HH_roleplay_chat,1,0.1881843646549529,Moderation,0.06877767721432859
HH_roleplay_chat,1,0.1881843646549529,Other,0.165683416988619
HH_roleplay_chat,2,0.08148714031066973,Opening,0.6910213785945721
HH_roleplay_chat,2,0.08148714031066973,Empathy,1.27798779853277e-309
HH_roleplay_chat,2,0.08148714031066973,Clarify,0.22906331853616196
HH_roleplay_chat,2,0.08148714031066973,Objectives,1.8907727851833218e-148
HH_roleplay_chat,2,0.08148714031066973,Motivation,0.02341375748039693
HH_roleplay_chat,2,0.08148714031066973,Resources,0.0031492051345776376
HH_roleplay_chat,2,0.08148714031066973,Help,0.0043720504567658575
HH_roleplay_chat,2,0.08148714031066973,Closing,9.443084451924516e-233
HH_roleplay_chat,2,0.08148714031066973,Moderation,0.009618795674437257
HH_roleplay_chat,2,0.08148714031066973,Other,0.03936149412308829
H_LLM_roleplay_chat,0,0.5041435810010891,Opening,0.01892660181813673
H_LLM_roleplay_chat,0,0.5041435810010891,Empathy,0.022843732856361598
H_LLM_roleplay_chat,0,0.5041435810010891,Clarify,0.581493154298178
H_LLM_roleplay_chat,0,0.5041435810010891,Objectives,0.08799092893659609
H_LLM_roleplay_chat,0,0.5041435810010891,Motivation,0.08384319165430376
H_LLM_roleplay_chat,0,0.5041435810010891,Resources,0.03978636245434584
H_LLM_roleplay_chat,0,0.5041435810010891,Help,0.03898621498445883
H_LLM_roleplay_chat,0,0.5041435810010891,Closing,0.0018222722718537244
H_LLM_roleplay_chat,0,0.5041435810010891,Moderation,0.029985864723718995
H_LLM_roleplay_chat,0,0.5041435810010891,Other,0.09432167600204631
H_LLM_roleplay_chat,1,0.3915802434057868,Opening,0.021152591439809625
H_LLM_roleplay_chat,1,0.3915802434057868,Empathy,0.005393090096155396
H_LLM_roleplay_chat,1,0.3915802434057868,Clarify,0.125914440757538
H_LLM_roleplay_chat,1,0.3915802434057868,Objectives,0.10733871656028322
H_LLM_roleplay_chat,1,0.3915802434057868,Motivation,0.08316605228778053
H_LLM_roleplay_chat,1,0.3915802434057868,Resources,0.10224122972367368
H_LLM_roleplay_chat,1,0.3915802434057868,Help,0.27128241228659106
H_LLM_roleplay_chat,1,0.3915802434057868,Closing,0.10172330602818812
H_LLM_roleplay_chat,1,0.3915802434057868,Moderation,0.05848149870916455
H_LLM_roleplay_chat,1,0.3915802434057868,Other,0.12330666211081599
H_LLM_roleplay_chat,2,0.10427617559312402,Opening,0.5449551015766898
H_LLM_roleplay_chat,2,0.10427617559312402,Empathy,0.02965199872287487
H_LLM_roleplay_chat,2,0.10427617559312402,Clarify,0.29667590723162524
H_LLM_roleplay_chat,2,0.10427617559312402,Objectives,0.03689207400052697
H_LLM_roleplay_chat,2,0.10427617559312402,Motivation,0.014329655093901458
H_LLM_roleplay_chat,2,0.10427617559312402,Resources,0.006930022063984716
H_LLM_roleplay_chat,2,0.10427617559312402,Help,0.027092950384019918
H_LLM_roleplay_chat,2,0.10427617559312402,Closing,0.005454207093124961
H_LLM_roleplay_chat,2,0.10427617559312402,Moderation,0.02068974274172397
H_LLM_roleplay_chat,2,0.10427617559312402,Other,0.01732834109152814
HH_roleplay_mail,0,0.5057559478127398,Opening,0.006982392836283159
HH_roleplay_mail,0,0.5057559478127398,Empathy,0.001778669437345451
HH_roleplay_mail,0,0.5057559478127398,Clarify,0.3641801339704622
HH_roleplay_mail,0,0.5057559478127398,Objectives,0.010689302524365068
HH_roleplay_mail,0,0.5057559478127398,Motivation,0.17498089056529229
HH_roleplay_mail,0,0.5057559478127398,Resources,0.013228925791850164
HH_roleplay_mail,0,0.5057559478127398,Help,0.25366506018041424
HH_roleplay_mail,0,0.5057559478127398,Closing,0.06579683892744645
HH_roleplay_mail,0,0.5057559478127398,Moderation,0.045364695345220314
HH_roleplay_mail,0,0.5057559478127398,Other,0.06333309042132056
HH_roleplay_mail,1,0.40138142747505756,Opening,0.9914713090213864
HH_roleplay_mail,1,0.40138142747505756,Empathy,0.0017149293464480575
HH_roleplay_mail,1,0.40138142747505756,Clarify,2.050139144937112e-25
HH_roleplay_mail,1,0.40138142747505756,Objectives,7.461411238808689e-79
HH_roleplay_mail,1,0.40138142747505756,Motivation,0.0007494128264922392
HH_roleplay_mail,1,0.40138142747505756,Resources,0.0013088234179043554
HH_roleplay_mail,1,0.40138142747505756,Help,8.030489069095834e-07
HH_roleplay_mail,1,0.40138142747505756,Closing,0.0023341961145677986
HH_roleplay_mail,1,0.40138142747505756,Moderation,0.00242051593704815
HH_roleplay_mail,1,0.40138142747505756,Other,1.0287246059932498e-08
HH_roleplay_mail,2,0.09286262471220261,Opening,0.06736179314498386
HH_roleplay_mail,2,0.09286262471220261,Empathy,2.2135633028454717e-186
HH_roleplay_mail,2,0.09286262471220261,Clarify,0.1661240911023452
HH_roleplay_mail,2,0.09286262471220261,Objectives,0.013963808098396525
HH_roleplay_mail,2,0.09286262471220261,Motivation,0.036986116975648436
HH_roleplay_mail,2,0.09286262471220261,Resources,0.012253114513458781
HH_roleplay_mail,2,0.09286262471220261,Help,0.06573430828724042
HH_roleplay_mail,2,0.09286262471220261,Closing,0.13218797936920718
HH_roleplay_mail,2,0.09286262471220261,Moderation,0.012904655705748029
HH_roleplay_mail,2,0.09286262471220261,Other,0.49248413280297154
HH_real_mail,0,0.41468531468531467,Opening,0.031909049180300214
HH_real_mail,0,0.41468531468531467,Empathy,0.004129155097175893
HH_real_mail,0,0.41468531468531467,Clarify,0.45784008487914707
HH_real_mail,0,0.41468531468531467,Objectives,0.021154453336684566
HH_real_mail,0,0.41468531468531467,Motivation,0.11591048170818351
HH_real_mail,0,0.41468531468531467,Resources,0.012112419630630257
HH_real_mail,0,0.41468531468531467,Help,0.13247757852248193
HH_real_mail,0,0.41468531468531467,Closing,0.09963063470449818
HH_real_mail,0,0.41468531468531467,Moderation,0.09738205268905331
HH_real_mail,0,0.41468531468531467,Other,0.027454090251845063
HH_real_mail,1,0.3776223776223776,Opening,0.9817720342852588
HH_real_mail,1,0.3776223776223776,Empathy,1.6940691879453627e-123
HH_real_mail,1,0.3776223776223776,Clarify,0.004771886032389719
HH_real_mail,1,0.3776223776223776,Objectives,0.005912447070646745
HH_real_mail,1,0.3776223776223776,Motivation,1.4653570601617736e-70
HH_real_mail,1,0.3776223776223776,Resources,1.4105119613098261e-36
HH_real_mail,1,0.3776223776223776,Help,3.046310649344131e-29
HH_real_mail,1,0.3776223776223776,Closing,0.003266055054300122
HH_real_mail,1,0.3776223776223776,Moderation,7.480843883465169e-39
HH_real_mail,1,0.3776223776223776,Other,0.004277577557404609
HH_real_mail,2,0.2076923076923077,Opening,0.0907944513234808
HH_real_mail,2,0.2076923076923077,Empathy,0.009260483812181646
HH_real_mail,2,0.2076923076923077,Clarify,0.21389878070090457
HH_real_mail,2,0.2076923076923077,Objectives,0.013842941802225365
HH_real_mail,2,0.2076923076923077,Motivation,0.015496041998072198
HH_real_mail,2,0.2076923076923077,Resources,0.013235693136609106
HH_real_mail,2,0.2076923076923077,Help,0.04482200129381589
HH_real_mail,2,0.2076923076923077,Closing,0.10786528078891042
HH_real_mail,2,0.2076923076923077,Moderation,0.06296433388960918
HH_real_mail,2,0.2076923076923077,Other,0.42781999125419096
HH_CAIA_mail,0,0.42724097788125726,Opening,0.03085563612334563
HH_CAIA_mail,0,0.42724097788125726,Empathy,0.018333513519877137
HH_CAIA_mail,0,0.42724097788125726,Clarify,0.5780379272777207
HH_CAIA_mail,0,0.42724097788125726,Objectives,0.028215882925492486
HH_CAIA_mail,0,0.42724097788125726,Motivation,0.06614241381989387
HH_CAIA_mail,0,0.42724097788125726,Resources,0.03307254894464955
HH_CAIA_mail,0,0.42724097788125726,Help,0.1305551960656028
HH_CAIA_mail,0,0.42724097788125726,Closing,0.015529556489652718
HH_CAIA_mail,0,0.42724097788125726,Moderation,0.0508552969438472
HH_CAIA_mail,0,0.42724097788125726,Other,0.048402027889917855
HH_CAIA_mail,1,0.35040745052386496,Opening,0.9401104856734858
HH_CAIA_mail,1,0.35040745052386496,Empathy,2.6092830928793258e-45
HH_CAIA_mail,1,0.35040745052386496,Clarify,0.00021169293857290164
HH_CAIA_mail,1,0.35040745052386496,Objectives,0.0006132115002528821
HH_CAIA_mail,1,0.35040745052386496,Motivation,6.308539843918323e-08
HH_CAIA_mail,1,0.35040745052386496,Resources,5.483911623472903e-28
HH_CAIA_mail,1,0.35040745052386496,Help,1.9836159178016326e-18
HH_CAIA_mail,1,0.35040745052386496,Closing,0.018056447601220868
HH_CAIA_mail,1,0.35040745052386496,Moderation,1.2078604348936223e-51
HH_CAIA_mail,1,0.35040745052386496,Other,0.041008099201069216
HH_CAIA_mail,2,0.22235157159487776,Opening,0.06333919652858004
HH_CAIA_mail,2,0.22235157159487776,Empathy,1.4988969132732687e-16
HH_CAIA_mail,2,0.22235157159487776,Clarify,0.0013380159320861235
HH_CAIA_mail,2,0.22235157159487776,Objectives,0.02900203246179781
HH_CAIA_mail,2,0.22235157159487776,Motivation,0.1711437965198835
HH_CAIA_mail,2,0.22235157159487776,Resources,0.00789628680824619
HH_CAIA_mail,2,0.22235157159487776,Help,0.16197432759104502
HH_CAIA_mail,2,0.22235157159487776,Closing,0.026423899396237294
HH_CAIA_mail,2,0.22235157159487776,Moderation,0.2219869825303732
HH_CAIA_mail,2,0.22235157159487776,Other,0.3168954622317505
HH_real_chat,0,0.7966308098234219,Opening,0.019765292503522897
HH_real_chat,0,0.7966308098234219,Empathy,0.008956458370260474
HH_real_chat,0,0.7966308098234219,Clarify,0.5320267568770127
HH_real_chat,0,0.7966308098234219,Objectives,0.03496295837919749
HH_real_chat,0,0.7966308098234219,Motivation,0.044607088482918965
HH_real_chat,0,0.7966308098234219,Resources,0.020163576689892274
HH_real_chat,0,0.7966308098234219,Help,0.07032042521377303
HH_real_chat,0,0.7966308098234219,Closing,0.0043913141955688306
HH_real_chat,0,0.7966308098234219,Moderation,0.04081101972823249
HH_real_chat,0,0.7966308098234219,Other,0.22399510955962076
HH_real_chat,1,0.14775725593667546,Opening,0.07283303304714923
HH_real_chat,1,0.14775725593667546,Empathy,0.0015805320305748742
HH_real_chat,1,0.14775725593667546,Clarify,0.11188811670789203
HH_real_chat,1,0.14775725593667546,Objectives,0.007484076842412301
HH_real_chat,1,0.14775725593667546,Motivation,0.05376540477915831
HH_real_chat,1,0.14775725593667546,Resources,0.011712446154401378
HH_real_chat,1,0.14775725593667546,Help,0.19652906003959925
HH_real_chat,1,0.14775725593667546,Closing,0.10924258124700353
HH_real_chat,1,0.14775725593667546,Moderation,0.11022628407692552
HH_real_chat,1,0.14775725593667546,Other,0.3247384650748835
HH_real_chat,2,0.05561193423990258,Opening,0.653366254149048
HH_real_chat,2,0.05561193423990258,Empathy,1.4062833468442229e-174
HH_real_chat,2,0.05561193423990258,Clarify,0.1407724999603789
HH_real_chat,2,0.05561193423990258,Objectives,0.007582634313146927
HH_real_chat,2,0.05561193423990258,Motivation,0.0038896208576016333
HH_real_chat,2,0.05561193423990258,Resources,1.092330295192238e-218
HH_real_chat,2,0.05561193423990258,Help,0.005206831873468085
HH_real_chat,2,0.05561193423990258,Closing,5.514733765725894e-32
HH_real_chat,2,0.05561193423990258,Moderation,0.04626563007537277
HH_real_chat,2,0.05561193423990258,Other,0.14291652877098365
