speaker_type,len_decile,source,n,top1_median,entropy_median,tokens
Client,0,HH_real_chat,1158,0.9944622814655304,0.07285625115036959,6.0
Client,0,HH_roleplay_chat,576,0.9963130354881288,0.0530594624578952,6.0
Client,0,H_LLM_roleplay_chat,1289,0.998299777507782,0.0275203417986631,6.0
Client,1,HH_real_chat,219,0.9842230677604676,0.1782860904932022,8.0
Client,1,HH_roleplay_chat,198,0.998066246509552,0.031232894398272003,8.0
Client,1,H_LLM_roleplay_chat,489,0.9987162351608276,0.0208872575312852,8.0
Client,2,HH_real_chat,185,0.9739605188369752,0.2674252986907959,11.0
Client,2,HH_roleplay_chat,195,0.9987389445304872,0.0204477962106466,11.0
Client,2,H_LLM_roleplay_chat,401,0.998830497264862,0.0197875685989856,11.0
Client,3,HH_real_chat,279,0.9400587677955629,0.534720242023468,15.0
Client,3,HH_roleplay_chat,223,0.9932913780212402,0.0808015465736389,15.0
Client,3,H_LLM_roleplay_chat,340,0.9912317395210266,0.10742587223649025,15.0
Client,4,HH_real_chat,226,0.9213201105594636,0.6530040502548218,22.0
Client,4,HH_roleplay_chat,204,0.9605681002140044,0.38802018761634827,22.0
Client,4,H_LLM_roleplay_chat,462,0.9767214059829712,0.23664519935846323,23.0
Client,5,HH_real_chat,162,0.8823343813419342,0.8249343633651733,30.0
Client,5,HH_roleplay_chat,173,0.9433481097221376,0.4842043817043304,31.0
Client,5,H_LLM_roleplay_chat,928,0.9572019577026368,0.37989455461502075,32.0
Client,6,HH_real_chat,114,0.8770760297775269,0.8115302920341492,41.0
Client,6,HH_roleplay_chat,100,0.9804431200027466,0.1850759834051132,41.0
Client,6,H_LLM_roleplay_chat,1299,0.9366493225097656,0.5102839469909668,43.0
Client,7,HH_real_chat,59,0.9434747695922852,0.4617713093757629,52.0
Client,7,HH_roleplay_chat,75,0.9737088680267334,0.2706335783004761,53.0
Client,7,H_LLM_roleplay_chat,1740,0.9095416069030762,0.6641144752502441,54.0
Client,8,HH_real_chat,50,0.9507011473178864,0.40156465768814087,66.0
Client,8,HH_roleplay_chat,73,0.9660518765449524,0.3350615203380584,68.0
Client,8,H_LLM_roleplay_chat,1813,0.8818345665931702,0.8061602711677551,67.0
Client,9,HH_real_chat,101,0.9376839995384216,0.4496730268001556,107.0
Client,9,HH_roleplay_chat,86,0.9532038271427155,0.38408082723617554,100.0
Client,9,H_LLM_roleplay_chat,1432,0.873635321855545,0.8646913766860962,91.0
Counsellor,1,HH_real_chat,557,0.8748337030410767,0.9937228560447692,8.0
Counsellor,1,HH_roleplay_chat,411,0.9498924016952516,0.5195967555046082,8.0
Counsellor,1,H_LLM_roleplay_chat,2088,0.9605955481529236,0.4149007499217987,9.0
Counsellor,2,HH_real_chat,319,0.97420334815979,0.2887926399707794,11.0
Counsellor,2,HH_roleplay_chat,217,0.9690268635749816,0.3238361477851867,11.0
Counsellor,2,H_LLM_roleplay_chat,1029,0.9966872334480286,0.0461913160979747,11.0
Counsellor,3,HH_real_chat,460,0.9764444530010223,0.22654838114976877,15.0
Counsellor,3,HH_roleplay_chat,239,0.9959297776222228,0.0565200299024581,15.0
Counsellor,3,H_LLM_roleplay_chat,1208,0.9941389560699464,0.07727537304162975,15.0
Counsellor,4,HH_real_chat,391,0.966661810874939,0.3302896022796631,22.0
Counsellor,4,HH_roleplay_chat,262,0.9940370619297028,0.07735198363661766,22.0
Counsellor,4,H_LLM_roleplay_chat,1361,0.98138165473938,0.1964149475097656,22.0
Counsellor,5,HH_real_chat,256,0.9297762811183929,0.6345698833465576,30.5
Counsellor,5,HH_roleplay_chat,292,0.9833492338657379,0.1915526986122131,31.0
Counsellor,5,H_LLM_roleplay_chat,1336,0.9558717608451843,0.40337961912155146,31.0
Counsellor,6,HH_real_chat,180,0.9166712462902069,0.7436661124229431,41.0
Counsellor,6,HH_roleplay_chat,201,0.9562397003173828,0.453508198261261,41.0
Counsellor,6,H_LLM_roleplay_chat,1150,0.9460069835186006,0.4725230783224106,41.0
Counsellor,7,HH_real_chat,93,0.740308403968811,1.5756045579910278,52.0
Counsellor,7,HH_roleplay_chat,142,0.9686405062675476,0.29558286070823664,53.0
Counsellor,7,H_LLM_roleplay_chat,896,0.9328705668449402,0.5814356207847595,53.0
Counsellor,8,HH_real_chat,54,0.7701423168182373,1.4135040044784546,65.5
Counsellor,8,HH_roleplay_chat,113,0.933555006980896,0.5172268152236938,68.0
Counsellor,8,H_LLM_roleplay_chat,786,0.9080111682415009,0.7568922340869904,67.0
Counsellor,9,HH_real_chat,64,0.7508111894130707,1.6089571118354797,97.5
Counsellor,9,HH_roleplay_chat,147,0.9372753500938416,0.473149299621582,95.0
Counsellor,9,H_LLM_roleplay_chat,1070,0.8553493618965149,1.02011376619339,99.5
