condition,k,loglik,n_params,n_obs,n_seqs,m_observed,BIC,AIC,cv_ll_per_obs,min_pairwise_TV,min_state_occupancy,n_restarts,n_converged,loglik_range,n_distinct_optima
HH_CAIA_mail,2,-1444.1642594182272,21,859,36,10,3030.199666198124,2930.3285188364544,-1.7068831524134978,0.9639418006069571,0.3585564610011641,20,20,54.05796892313674,7
HH_CAIA_mail,3,-1359.8708126989993,35,859,36,10,2956.1935376674473,2789.7416253979986,-1.6335739086151777,0.6202096870019148,0.22235157159487776,20,20,132.84170083600725,7
HH_CAIA_mail,4,-1330.3725929361524,51,859,36,10,3005.289400893502,2762.745185872305,-1.6638843649463286,0.4781378102361532,0.11757857974388825,20,20,91.82279699857554,17
HH_CAIA_mail,5,-1308.6148421849211,69,859,36,10,3083.377739986756,2755.2296843698423,-1.629661271932505,0.5962581952358225,0.09778812572759023,20,20,49.43056054040767,20
HH_CAIA_mail,6,-1263.2980795082958,89,859,36,10,3127.8595930731904,2704.5961590165916,-1.5955625673270941,0.10856840457524289,0.12456344586728754,20,20,56.69593911812308,20
HH_CAIA_mail,7,-1231.5694285764341,111,859,36,10,3213.0292074931203,2685.1388571528682,-1.6902524150188223,0.06736251884473606,0.07334109429569266,20,20,78.55270036783736,20
HH_CAIA_mail,8,-1219.4902234511833,135,859,36,10,3351.009251370241,2708.9804469023666,-1.926151411066845,0.060610127304165026,0.013969732246798603,20,20,91.11398278923866,20
HH_real_chat,2,-7983.265469650007,21,4927,53,10,16145.083136113437,16008.530939300013,-1.6302582427505787,0.49823731475518285,0.17150395778364116,20,20,128.10437053542137,5
HH_real_chat,3,-7772.642816628716,35,4927,53,10,15842.87262794647,15615.285633257432,-1.5864505560028137,0.46344457858108246,0.05561193423990258,20,20,332.8597960654679,10
HH_real_chat,4,-7710.456192858299,51,4927,53,10,15854.53914940634,15522.912385716598,-1.582877482199957,0.16903079309419958,0.05561193423990258,20,20,261.25536834989543,20
HH_real_chat,5,-7684.006808014486,69,4927,53,10,15954.685119844504,15506.013616028971,-1.5825807170906532,0.21247035047630333,0.029429673229145525,20,20,62.80654188997505,20
HH_real_chat,6,-7672.856231425962,89,4927,53,10,16102.433677918336,15523.712462851923,-1.5800522399799624,0.3326288787252314,0.010757052973411813,20,20,81.28350285937358,20
HH_real_chat,7,-7651.063165370993,111,4927,53,10,16245.902228184366,15524.126330741987,-1.6233338659981842,0.17710495643013244,0.01928151004668155,20,20,86.03477231123725,20
HH_real_chat,8,-7598.304384065953,135,4927,53,10,16344.44431907534,15466.608768131906,-1.6263173078346893,0.17383306437366758,0.008321493809620458,20,20,114.52638753815518,20
HH_real_mail,2,-2297.776068371442,21,1430,113,10,4748.126160931217,4637.552136742884,-1.6191952975288277,0.9868288039643563,0.40559440559440557,20,20,61.313763397581624,4
HH_real_mail,3,-2152.672670919139,35,1430,113,10,4559.635382152166,4375.345341838278,-1.5391171463323836,0.4737405514509232,0.2076923076923077,20,20,180.56444195542554,9
HH_real_mail,4,-2103.9044398458395,51,1430,113,10,4578.34579557763,4309.808879691679,-1.5388407775821007,0.4441227151606533,0.1076923076923077,20,20,46.287127621419586,19
HH_real_mail,5,-2050.1627022632238,69,1430,113,10,4601.64005543097,4238.3254045264475,-1.5061364004943691,0.04815261687183897,0.10139860139860139,20,20,53.28311029429642,16
HH_real_mail,6,-1998.9861470856897,89,1430,113,10,4644.595539540981,4175.972294171379,-1.5064285187336472,0.05712350259450504,0.09020979020979021,20,20,103.09759237532558,19
HH_real_mail,7,-1969.0539557739655,111,1430,113,10,4744.57061082912,4160.1079115479315,-1.5375194044161604,0.034817395990900654,0.08181818181818182,20,20,150.9367985446795,20
HH_real_mail,8,-1953.6019514421575,135,1430,113,10,4888.0369155235985,4177.2039028843155,-1.572744902661407,0.01729411401570337,0.07622377622377623,20,20,98.53607929006489,20
HH_roleplay_chat,2,-6616.311703728503,21,3927,68,10,13406.411659603144,13274.623407457006,-1.6923953180728202,0.6639068021142334,0.08148714031066973,20,20,98.88435425683292,3
HH_roleplay_chat,3,-6358.840847059705,35,3927,68,10,13007.32878102964,12787.68169411941,-1.6360718598356117,0.4610264183538309,0.08148714031066973,20,20,346.08733120485067,11
HH_roleplay_chat,4,-6257.537353601512,51,3927,68,10,12937.131890986502,12617.074707203024,-1.616755980872098,0.23364424862053135,0.08097784568372804,20,20,337.0452983077939,18
HH_roleplay_chat,5,-6209.518082250913,69,3927,68,10,12990.05470726771,12557.036164501826,-1.661190710963336,0.2382298251426402,0.07766743060860708,20,20,128.78012662195943,19
HH_roleplay_chat,6,-6193.784095355339,89,3927,68,10,13124.09935456812,12565.568190710677,-1.7345331522952896,0.23973611749996246,0.02470078940667176,20,20,125.59808274302031,20
HH_roleplay_chat,7,-6140.1555176744605,111,3927,68,10,13198.90608240708,12502.311035348921,-1.6454738495850072,0.053966821341586875,0.02546473134708429,20,20,152.34480442787662,20
HH_roleplay_chat,8,-6129.127052674811,135,3927,68,10,13375.464297717654,12528.254105349622,-1.794716935418936,0.08874425660780337,0.02470078940667176,20,20,124.59196024038556,20
HH_roleplay_mail,2,-2032.1641629213955,21,1303,63,10,4214.949241962413,4106.328325842791,-1.589755854528135,0.9840757802442819,0.4006139677666922,20,20,127.52241595271153,5
HH_roleplay_mail,3,-1950.6921008617126,35,1303,63,10,4152.419061922795,3971.384201723425,-1.5522940526764857,0.5591960887061438,0.09286262471220261,20,20,190.4456115922451,9
HH_roleplay_mail,4,-1888.7465009192342,51,1303,63,10,4143.286655271835,3879.4930018384684,-1.5552163023435825,0.47417504676863526,0.11435149654643131,20,20,107.86368865832173,18
HH_roleplay_mail,5,-1842.4351226428837,69,1303,63,10,4179.7675411073815,3822.8702452857674,-1.5205885966166175,0.021203643977522488,0.0851880276285495,20,20,93.6248103714131,19
HH_roleplay_mail,6,-1816.9362375203436,89,1303,63,10,4272.218262404798,3811.8724750406873,-1.4920060324527786,0.005649053671431224,0.09900230237912509,20,20,63.75144198304133,20
HH_roleplay_mail,7,-1791.2146663874184,111,1303,63,10,4378.568460835695,3804.429332774837,-1.689541487870882,0.007192897362712543,0.08749040675364543,20,20,59.828112982224866,20
HH_roleplay_mail,8,-1777.6071264847496,135,1303,63,10,4523.491570881353,3825.2142529694993,-1.534743479074473,0.008477034834621533,0.019953952417498082,20,20,63.66802301038706,20
H_LLM_roleplay_chat,2,-38971.79456125033,21,21117,414,10,78152.70362982847,77985.58912250066,-1.8478720154456338,0.5318329094711616,0.4990292181654591,20,20,890.4366821266667,2
H_LLM_roleplay_chat,3,-37470.98527430404,35,21117,414,10,75290.49472748775,75011.97054860808,-1.7773658163225612,0.4737064956673696,0.10427617559312402,20,20,2348.8162229335794,6
H_LLM_roleplay_chat,4,-36737.03165968995,51,21117,414,10,73981.91283717599,73576.0633193799,-1.7499406073576276,0.4613194462900724,0.10588625278211868,20,20,1929.225064096041,18
H_LLM_roleplay_chat,5,-36265.06970665981,69,21117,414,10,73217.22993739668,72668.13941331962,-1.734823243448402,0.28362749040531643,0.053085192025382394,20,20,1682.0931373125204,16
H_LLM_roleplay_chat,6,-35921.4741139793,89,21117,414,10,72729.19542568117,72020.9482279586,-1.7309952978313685,0.19457457778369142,0.022493725434484066,20,20,1840.1909933379357,20
H_LLM_roleplay_chat,7,-35745.679228359026,111,21117,414,10,72596.67799545071,71713.35845671805,-1.721241473652503,0.19147687292477217,0.022588435857366102,20,20,1104.9948522324194,20
H_LLM_roleplay_chat,8,-35736.28323882848,135,21117,414,10,72816.87402476426,71742.56647765696,-1.7120433764894154,0.055584609092339775,0.019415636690817823,20,20,906.5946488851405,20
