label,label_text,HH_real_chat,HH_roleplay_chat,orig,H_LLM_replay_A_chat,H_LLM_replay_B_chat,H_LLM_replay_C_chat,H_LLM_replay_D_chat,H_LLM_replay_E_chat,H_LLM_replay_F_chat,H_LLM_replay_G_chat,H_LLM_replay_O_chat,jsd_bits_HH_roleplay_chat,jsd_bits_orig,jsd_bits_H_LLM_replay_A_chat,jsd_bits_H_LLM_replay_B_chat,jsd_bits_H_LLM_replay_C_chat,jsd_bits_H_LLM_replay_D_chat,jsd_bits_H_LLM_replay_E_chat,jsd_bits_H_LLM_replay_F_chat,jsd_bits_H_LLM_replay_G_chat,jsd_bits_H_LLM_replay_O_chat
CL-IF-ACP-*-Cons-*,Consent,0.13786764705882354,0.18814055636896046,0.009395973154362415,0.013431833445265278,0.000671591672263264,0.042981867024848894,0.1490933512424446,0.17797179314976494,0.19207521826729348,0.10006715916722633,0.009402283411685695,0.0028072973999168013,0.0484230074854788,0.042940866412693485,0.06620458003667624,0.01888628379049182,0.00015842717645961433,0.001841618892924425,0.0032267581101257763,0.002175169252888248,0.04841363750667753
CL-IF-HP-*-PosFR-*,Positive feedback on specific recommendations for action,0.012254901960784314,0.024158125915080528,0.09060402684563758,0.09335124244459368,0.05574210879785091,0.0020147750167897917,0.018132975151108125,0.0241773002014775,0.041638683680322364,0.008730691739422432,0.09066487575554064,0.0014295465731907504,0.024331697538989144,0.02545742055962754,0.010860022339106507,0.002944162362261653,0.0004126911905116637,0.0014334604901991765,0.006105201169184179,0.00021447502356241634,0.024356555466805666
CL-O-*-*-O-*,Other statements,0.08394607843137254,0.034407027818448024,0.011409395973154362,0.006044325050369375,0.008059100067159167,0.0241773002014775,0.04231027535258563,0.03760913364674278,0.028206850235057087,0.027535258562793822,0.010745466756212223,0.007714070936648457,0.022486852435157176,0.029010258594768315,0.02629565757513995,0.012612489992858179,0.00504607218856162,0.006534858018297769,0.010449715868492332,0.010786967213782377,0.023184268306019135
CL-IF-HP-*-RepRA-*,Report on the implementation of recommendations for action,0.018995098039215685,0.012445095168374817,0.09731543624161074,0.10208193418401612,0.06447280053727333,0.020819341840161182,0.04633982538616521,0.04969778374748153,0.03089321692411014,0.0241773002014775,0.09738079247817327,0.0004957902880305381,0.02080921927474,0.022592751145719712,0.009441985919119116,3.0157251134036258e-05,0.004257622154816639,0.0051290055554965176,0.0010333935509279513,0.0002248975811232558,0.02083349381905673
CL-IF-AO-*-Obj-*,Objective of the assignment,0.02144607843137255,0.0527086383601757,0.06040268456375839,0.05842847548690396,0.07991940899932841,0.17528542646071188,0.05104096709200806,0.04701141705842848,0.03895231699126931,0.0335795836131632,0.05977165883143049,0.00490552218849339,0.006966127600115451,0.006417934204958198,0.012950634516344553,0.04948501762618206,0.004487954989139174,0.0035283432297849096,0.0018566267273657398,0.0009729641040673058,0.0067895459464115855
CL-IF-RA-*-RF-*,Considering resource activation at the level of friends and family,0.006127450980392157,0.010980966325036604,0.027516778523489934,0.027535258562793822,0.03022162525184688,0.010073875083948958,0.014775016789791807,0.014103425117528543,0.008730691739422432,0.009402283411685695,0.027535258562793822,0.0005034978482397782,0.005303954346453685,0.005310515136399372,0.00628060077012073,0.0003502268320321534,0.0013299289801620559,0.001165517097302793,0.00016535699384533553,0.0002509537879988937,0.005310515136399372
CL-IF-ACP-*-Rej-*,Rejection,0.024509803921568627,0.018301610541727673,0.004697986577181208,0.005372733378106112,0.000671591672263264,0.008059100067159167,0.026863666890530557,0.03089321692411014,0.029550033579583614,0.028206850235057087,0.0047011417058428475,0.0003258500487996743,0.005310968031251119,0.004786755661447475,0.010357012997014635,0.00313951711051199,3.891258210843578e-05,0.0002658593525358532,0.0001697349964855544,9.359077526749013e-05,0.005308387400553297
CL-FC-*-*-UPR-*,Further use of professional resources of counselor,0.00428921568627451,0.01903367496339678,0.02214765100671141,0.018132975151108125,0.006044325050369375,0.0020147750167897917,0.002686366689053056,0.002686366689053056,0.000671591672263264,0.004029550033579583,0.02216252518468771,0.0036319872796820663,0.004763258031910599,0.0033165874169402716,0.00010803915308760313,0.000302751267554685,0.0001340314222279984,0.0001340314222279984,0.001061590299716201,2.923850852687391e-06,0.004768796291239127
CL-FB-*-*-*-*,Formalities at the beginning and greeting,0.0545343137254902,0.05197657393850659,0.0959731543624161,0.09267965077233042,0.07051712558764271,0.05842847548690396,0.05910006715916723,0.05910006715916723,0.0577568838146407,0.06044325050369376,0.09603760913364674,2.215516608597564e-05,0.004168651151795776,0.0036059122532388355,0.0007387896240914384,4.842762456015791e-05,6.618302581030164e-05,6.618302581030164e-05,3.336055038759885e-05,0.00010957499587095241,0.0041799643567484775
CL-IF-RA-*-RP-*,Considering resource activation at a professional level,0.00857843137254902,0.030014641288433383,0.027516778523489934,0.03223640026863667,0.0315648085963734,0.01880456682337139,0.020147750167897917,0.017461383478844864,0.009402283411685695,0.011417058428475487,0.028206850235057087,0.004548054798964736,0.003769616273954713,0.005268679245475491,0.005048263282684832,0.0014113372919139634,0.0017292178358063216,0.0011151776102210466,1.3619403737955373e-05,0.00014583687390043432,0.00398103395910282
CL-IF-HP-*-Fail-*,Final failure,0.03125,0.0036603221083455345,0.013422818791946308,0.010745466756212223,0.009402283411685695,0.0033579583613163196,0.010745466756212223,0.012760241773002015,0.008730691739422432,0.011417058428475487,0.013431833445265278,0.009003693036199991,0.002638733267696994,0.0037700768152425937,0.004466761420794689,0.009352718295021212,0.0037700768152425937,0.0028905673297713675,0.004853956716548831,0.0034565083204393726,0.002635423218474279
CL-IF-AO-*-Ext-*,Extension of the assignment,0.025122549019607844,0.024890190336749635,0.0476510067114094,0.052384150436534584,0.1343183344526528,0.07924781732706515,0.04499664204163868,0.042981867024848894,0.026863666890530557,0.03492276695768973,0.04768300873069174,3.8936174454646687e-07,0.0025571819153980295,0.0035335148881330877,0.02961964847631484,0.010634715380577314,0.002059781655691896,0.0017090657465133018,2.103603615548073e-05,0.000579497461707862,0.0025634104615163593
CL-IF-ACP-*-PD-*,Problem definition,0.13848039215686275,0.13689604685212298,0.10067114093959731,0.09939556749496306,0.12961719274680994,0.06850235057085292,0.07656145063801209,0.049026192075218265,0.06044325050369376,0.05910006715916723,0.10073875083948959,3.287682320779017e-06,0.002165016526392472,0.002326758825787782,0.00010570166385523785,0.008703524272011369,0.006522350556909199,0.016036753079088282,0.011343806495695215,0.011833954179835304,0.0021566330868194906
CL-E-*-*-ECP-*,Concern for another person (EC),0.0055147058823529415,0.013177159590043924,0.016778523489932886,0.01208865010073875,0.010073875083948958,0.007387508394895903,0.03022162525184688,0.022834116856950974,0.022834116856950974,0.021490933512424447,0.0167897918065816,0.0011669938753980113,0.0021503476024223108,0.0009072882590875461,0.0004880294402119093,9.83942257036601e-05,0.006780293821544763,0.004098489347481625,0.004098489347481625,0.0036422479810511183,0.002153672487922478
CL-IF-ACP-*-PS-*,Problem statement,0.12254901960784313,0.09224011713030747,0.09060402684563758,0.09066487575554064,0.10946944257891202,0.0893216924110141,0.11014103425117529,0.11954331766286098,0.11484217595701814,0.10678307588985897,0.09066487575554064,0.001547722570904712,0.0017332692892401847,0.001726151057205692,0.0002660784245553018,0.0018872469354118005,0.00023875104108330228,1.3459734303280894e-05,9.025667920850924e-05,0.0003912300971507278,0.001726151057205692
CL-IF-Mot-*-FC-*,"Eliciting/Evoking ""Change-Talk"" (MI)",0.01715686274509804,0.014641288433382138,0.006711409395973154,0.008730691739422432,0.002686366689053056,0.007387508394895903,0.013431833445265278,0.009402283411685695,0.014103425117528543,0.014775016789791807,0.006715916722632639,7.185233506931134e-05,0.0017058539147555563,0.0010074518049375974,0.004246361198864804,0.0014420719110783886,0.0001640179834772968,0.0008286314876475272,0.0001077438214940169,6.413880219779207e-05,0.0017039832427323347
CL-O-*-*-UCO-*,Inappropriate remark,0.022058823529411766,0.010980966325036604,0.010067114093959731,0.013431833445265278,0.006044325050369375,0.03022162525184688,0.04432505036937542,0.042981867024848894,0.052384150436534584,0.07186030893216924,0.010073875083948958,0.0013659439819914162,0.0016541871284124383,0.0007639736938234889,0.003497791429168419,0.0004615641507069246,0.002746603660605568,0.0024713174841708655,0.00458777602663212,0.01003031223103435,0.0016519095001423807
CL-IF-HP-*-PosF-*,General positive feedback,0.04656862745098039,0.034407027818448024,0.030201342281879196,0.03425117528542646,0.03760913364674278,0.001343183344526528,0.005372733378106112,0.007387508394895903,0.009402283411685695,0.12088650100738751,0.03022162525184688,0.000661280888888934,0.001268279544004671,0.0006797235518043298,0.00034459348800803223,0.01953754814701115,0.013509912059986348,0.011435808142680196,0.009708856937830579,0.01232103841585733,0.0012647742854283751
CO-Mod-*-*-*-*,Moderation,0.0024509803921568627,0.0007320644216691069,0.0,0.0,0.0,0.0,0.001343183344526528,0.0,0.000671591672263264,0.0,0.0,0.00035333126356341916,0.0012254901960784314,0.0012254901960784314,0.0012254901960784314,0.0012254901960784314,0.00011837592680678972,0.0012254901960784314,0.0003886434921298239,0.0012254901960784314,0.0012254901960784314
CL-IF-ACP-*-FPA-*,Feedback on previous attempts at solutions,0.03799019607843137,0.05490483162518302,0.05570469798657718,0.06178643384822028,0.07991940899932841,0.04499664204163868,0.0819341840161182,0.08059100067159167,0.0913364674278039,0.0987239758226998,0.05574210879785091,0.0011170504211912855,0.0012152725973890496,0.0020667871018559027,0.005497222000285138,0.00021360824178833296,0.005945221837068176,0.0056452678438210155,0.008178552915518996,0.010079479246481823,0.0012199494152127814
CL-IF-Mot-*-RC-*,Articulation of reasons for a change in the client,0.03002450980392157,0.015373352855051245,0.0436241610738255,0.041638683680322364,0.03290799194089993,0.019476158495634655,0.012760241773002015,0.020147750167897917,0.02216252518468771,0.016118200134318333,0.04365345869711216,0.0017362976937633189,0.000910962216930788,0.0006818866901187231,4.766791308283627e-05,0.0008169733027271089,0.0025856488499037943,0.0007058622626596161,0.0004288160162497206,0.0015353509219920717,0.0009145462731889181
CL-IF-ACP-*-DPD-*,Disclosure of personal data,0.023284313725490197,0.032210834553440704,0.014093959731543624,0.010745466756212223,0.010745466756212223,0.011417058428475487,0.018132975151108125,0.018132975151108125,0.0167897918065816,0.0167897918065816,0.014103425117528543,0.0005201304792434359,0.0008234210783993677,0.0017062838468469925,0.0017062838468469925,0.0014937117232619924,0.00023168521461306292,0.00023168521461306292,0.0003812959404201131,0.0003812959404201131,0.0008214957183474278
CO-IF-AC-RE-RES-*,Request for emotional state,0.0,0.0,0.0013422818791946308,0.000671591672263264,0.001343183344526528,0.0,0.0,0.0,0.0,0.0,0.001343183344526528,0.0,0.0006711409395973154,0.000335795836131632,0.000671591672263264,0.0,0.0,0.0,0.0,0.0,0.000671591672263264
CL-IF-ACP-*-Req-*,General request,0.032475490196078434,0.03953147877013177,0.02348993288590604,0.020147750167897917,0.02350570852921424,0.18535930154466085,0.004029550033579583,0.007387508394895903,0.000671591672263264,0.002686366689053056,0.02350570852921424,0.00024977726300751775,0.0005225960241639883,0.0010513496997882651,0.0005206066197131097,0.042745607289937995,0.009106706291242283,0.006147209743076813,0.014205127957046714,0.010735518789952917,0.0005206066197131097
CL-E-*-*-PT-*,Empathy for third parties or related to the present situation (PT),0.00857843137254902,0.007320644216691069,0.013422818791946308,0.017461383478844864,0.012760241773002015,0.024848891873740765,0.011417058428475487,0.01880456682337139,0.014103425117528543,0.01544660846205507,0.013431833445265278,3.592616753465567e-05,0.0003878907272961078,0.0011151776102210466,0.0002975021889883465,0.002981428758488401,0.00014583687390043432,0.0014113372919139634,0.0004903175648450153,0.0007181389126182836,0.00038918564162692326
CO-IF-HP-*-IPFR-*,"Professional, formal, institutional recommendation",0.0,0.0,0.0006711409395973154,0.000671591672263264,0.0,0.0,0.0,0.0,0.0,0.0,0.000671591672263264,0.0,0.0003355704697986577,0.000335795836131632,0.0,0.0,0.0,0.0,0.0,0.0,0.000335795836131632
CL-E-*-*-ECC-*,Compassion for others (EC),0.0006127450980392157,0.0014641288433382138,0.0,0.000671591672263264,0.000671591672263264,0.0,0.0,0.0,0.0,0.0,0.0,0.00012966598615533475,0.00030637254901960784,9.728145527108958e-07,9.728145527108958e-07,0.00030637254901960784,0.00030637254901960784,0.00030637254901960784,0.00030637254901960784,0.00030637254901960784,0.00030637254901960784
CL-IF-HP-*-Succ-*,Final success,0.003676470588235294,0.007320644216691069,0.006040268456375839,0.004029550033579583,0.0047011417058428475,0.000671591672263264,0.004029550033579583,0.0033579583613163196,0.000671591672263264,0.010073875083948958,0.006044325050369375,0.0004438893167239646,0.00020949855744433951,5.836887316265361e-06,4.5315970021243324e-05,0.0008242096229359434,5.836887316265361e-06,5.203390401386143e-06,0.0008242096229359434,0.0011160489655338017,0.00021013609921929108
CL-FC-*-*-F-*,Formalities for conclusion,0.015318627450980392,0.0424597364568082,0.019463087248322148,0.0167897918065816,0.006715916722632639,0.000671591672263264,0.0033579583613163196,0.001343183344526528,0.007387508394895903,0.0033579583613163196,0.019476158495634655,0.004784466319193356,0.00017853845671321738,2.4320363817772442e-05,0.0012442024002220719,0.005985228232612306,0.0029917222884046704,0.004962381409424123,0.0010205512801905983,0.0029917222884046704,0.00017960131120488797
CL-IF-ACP-*-OE-*,Own emotional expression,0.03982843137254902,0.015373352855051245,0.03422818791946309,0.03425117528542646,0.02350570852921424,0.04231027535258563,0.062458025520483546,0.051712558764271326,0.05910006715916723,0.05305574210879785,0.03425117528542646,0.004046557509968692,0.00015289002561860309,0.0001515891324480889,0.0015345259289698144,2.7050901388360363e-05,0.0018207447106629747,0.0005580332018230542,0.0013627328786705297,0.0006817000859636836,0.0001515891324480889
CO-IF-HP-*-PP-IW,Wish,0.0012254901960784314,0.0,0.0006711409395973154,0.0,0.0,0.0,0.0,0.0,0.0,0.0,0.000671591672263264,0.0006127450980392157,5.930029466646308e-05,0.0006127450980392157,0.0006127450980392157,0.0006127450980392157,0.0006127450980392157,0.0006127450980392157,0.0006127450980392157,0.0006127450980392157,5.918796340339486e-05
CL-IF-HP-*-NegFR-*,Negative feedback on specific action recommendation,0.022058823529411766,0.005856515373352855,0.022818791946308724,0.018132975151108125,0.014775016789791807,0.0167897918065816,0.03425117528542646,0.03089321692411014,0.036937541974479515,0.03425117528542646,0.022834116856950974,0.0036137542097022025,4.641908991894178e-06,0.0001385277704923078,0.0005229384465096714,0.00025854727537108404,0.0009597298320402408,0.0005340944613228707,0.0013681063988931425,0.0009597298320402408,4.8293666470840355e-06
CO-IF-AC-RF-SRx-*,Simple reflection,0.0012254901960784314,0.0036603221083455345,0.0013422818791946308,0.0020147750167897917,0.001343183344526528,0.000671591672263264,0.0,0.0,0.0020147750167897917,0.0,0.001343183344526528,0.0004578369010474491,1.916601178296401e-06,7.004536640643034e-05,1.9456291054217916e-06,5.918796340339486e-05,0.0006127450980392157,0.0006127450980392157,7.004536640643034e-05,0.0006127450980392157,1.9456291054217916e-06
CO-IF-AC-RF-RLS-SR,Social relationships,0.0,0.0,0.0,0.0,0.0,0.000671591672263264,0.0,0.0,0.0,0.0,0.0,0.0,0.0,0.0,0.0,0.000335795836131632,0.0,0.0,0.0,0.0,0.0
CO-IF-AC-RF-RPD-*,Request for personal data,0.0,0.0007320644216691069,0.0,0.0,0.0,0.0,0.0,0.0,0.0,0.0,0.0,0.00036603221083455345,0.0,0.0,0.0,0.0,0.0,0.0,0.0,0.0,0.0
CO-IF-HP-*-ICO-*,Calming,0.0,0.0,0.0,0.0,0.0,0.0020147750167897917,0.0,0.0,0.0,0.0,0.0,0.0,0.0,0.0,0.0,0.0010073875083948958,0.0,0.0,0.0,0.0,0.0
CO-IF-HP-*-IF-*,Future forecast,0.0,0.0,0.0,0.0,0.0,0.0,0.0,0.0,0.000671591672263264,0.000671591672263264,0.0,0.0,0.0,0.0,0.0,0.0,0.0,0.0,0.000335795836131632,0.000335795836131632,0.0
CO-IF-HP-*-ITFE-*,Technical or factual explanations,0.0,0.0,0.0,0.0,0.0,0.000671591672263264,0.0,0.0,0.0,0.0,0.0,0.0,0.0,0.0,0.0,0.000335795836131632,0.0,0.0,0.0,0.0,0.0
