label,p_a,p_b,diff,cohen_h,comparison,speaker_type
CL-E-*-*-ECC-*,0.0,0.0015060240963855422,-0.0015060240963855422,-0.0776345474753359,HH_CAIA_mail vs HH_roleplay_mail,Counsellor
CL-IF-HP-*-Succ-*,0.0,0.0015060240963855422,-0.0015060240963855422,-0.0776345474753359,HH_CAIA_mail vs HH_roleplay_mail,Counsellor
CO-FA-*-*-*-*,0.38917525773195877,0.411144578313253,-0.02196932058129425,-0.04484592864548276,HH_CAIA_mail vs HH_roleplay_mail,Counsellor
CO-FC-*-*-F-*,0.015463917525773196,0.02710843373493976,-0.011644516209166563,-0.08144549214832764,HH_CAIA_mail vs HH_roleplay_mail,Counsellor
CO-FC-*-*-OPR-*,0.01288659793814433,0.046686746987951805,-0.03380014904980748,-0.2080487693007439,HH_CAIA_mail vs HH_roleplay_mail,Counsellor
CO-IF-AC-RE-RCR-*,0.01804123711340206,0.0,0.01804123711340206,0.26944972616626156,HH_CAIA_mail vs HH_roleplay_mail,Counsellor
CO-IF-AC-RE-RES-*,0.002577319587628866,0.004518072289156626,-0.0019407527015277604,-0.03295636898256818,HH_CAIA_mail vs HH_roleplay_mail,Counsellor
CO-IF-AC-RF-RC-*,0.007731958762886598,0.0,0.007731958762886598,0.17609053442564826,HH_CAIA_mail vs HH_roleplay_mail,Counsellor
CO-IF-AC-RF-RLS-H,0.0,0.0015060240963855422,-0.0015060240963855422,-0.0776345474753359,HH_CAIA_mail vs HH_roleplay_mail,Counsellor
CO-IF-AC-RF-RLS-L,0.0,0.0015060240963855422,-0.0015060240963855422,-0.0776345474753359,HH_CAIA_mail vs HH_roleplay_mail,Counsellor
CO-IF-AC-RF-RLS-SR,0.01804123711340206,0.0,0.01804123711340206,0.26944972616626156,HH_CAIA_mail vs HH_roleplay_mail,Counsellor
CO-IF-AC-RF-RPA-*,0.002577319587628866,0.0,0.002577319587628866,0.1015782817009511,HH_CAIA_mail vs HH_roleplay_mail,Counsellor
CO-IF-AC-RF-RPD-*,0.002577319587628866,0.0,0.002577319587628866,0.1015782817009511,HH_CAIA_mail vs HH_roleplay_mail,Counsellor
CO-IF-AC-RF-RTP-*,0.002577319587628866,0.0,0.002577319587628866,0.1015782817009511,HH_CAIA_mail vs HH_roleplay_mail,Counsellor
CO-IF-AC-RF-SRx-*,0.16237113402061856,0.14457831325301204,0.01779282076760652,0.04938248958325797,HH_CAIA_mail vs HH_roleplay_mail,Counsellor
CO-IF-AO-*-ICO-*,0.0,0.0015060240963855422,-0.0015060240963855422,-0.0776345474753359,HH_CAIA_mail vs HH_roleplay_mail,Counsellor
CO-IF-HP-*-ICO-*,0.005154639175257732,0.015060240963855422,-0.00990560178859769,-0.10234534566188044,HH_CAIA_mail vs HH_roleplay_mail,Counsellor
CO-IF-HP-*-IEA,0.007731958762886598,0.0030120481927710845,0.004719910570115514,0.06627109707444384,HH_CAIA_mail vs HH_roleplay_mail,Counsellor
CO-IF-HP-*-IPFR-*,0.01804123711340206,0.046686746987951805,-0.028645509874549745,-0.1661278225583387,HH_CAIA_mail vs HH_roleplay_mail,Counsellor
CO-IF-HP-*-ITFE-*,0.010309278350515464,0.0,0.010309278350515464,0.2034197779213469,HH_CAIA_mail vs HH_roleplay_mail,Counsellor
CO-IF-HP-*-PP-IA,0.005154639175257732,0.009036144578313253,-0.0038815054030555208,-0.046689487655198786,HH_CAIA_mail vs HH_roleplay_mail,Counsellor
CO-IF-HP-*-PP-IW,0.002577319587628866,0.0030120481927710845,-0.00043472860514221856,-0.008241155650253323,HH_CAIA_mail vs HH_roleplay_mail,Counsellor
CO-IF-Mot-*-IAC-*,0.020618556701030927,0.05572289156626506,-0.035104334865234135,-0.1884328435596993,HH_CAIA_mail vs HH_roleplay_mail,Counsellor
CO-IF-Mot-*-IEM-*,0.0,0.006024096385542169,-0.006024096385542169,-0.1553863826761719,HH_CAIA_mail vs HH_roleplay_mail,Counsellor
CO-IF-Mot-*-ITA-*,0.09020618556701031,0.07078313253012049,0.01942305303688982,0.07151730754859897,HH_CAIA_mail vs HH_roleplay_mail,Counsellor
CO-IF-Mot-*-RFC-*,0.0,0.0030120481927710845,-0.0030120481927710845,-0.10981943735120442,HH_CAIA_mail vs HH_roleplay_mail,Counsellor
CO-IF-Mot-*-RS-*,0.002577319587628866,0.0,0.002577319587628866,0.1015782817009511,HH_CAIA_mail vs HH_roleplay_mail,Counsellor
CO-IF-RA-*-N-RAFa,0.002577319587628866,0.0015060240963855422,0.0010712954912433237,0.0239437342256152,HH_CAIA_mail vs HH_roleplay_mail,Counsellor
CO-IF-RA-*-RAP-*,0.01804123711340206,0.009036144578313253,0.009005092535088808,0.07904495925259847,HH_CAIA_mail vs HH_roleplay_mail,Counsellor
CO-Mod-*-*-*-*,0.14948453608247422,0.04819277108433735,0.10129176499813687,0.3512918684640111,HH_CAIA_mail vs HH_roleplay_mail,Counsellor
CO-O-*-*-O-*,0.03350515463917526,0.07078313253012049,-0.03727797789094523,-0.17042407461439824,HH_CAIA_mail vs HH_roleplay_mail,Counsellor
CO-O-*-*-UCO-*,0.0,0.016566265060240965,-0.016566265060240965,-0.25813610681519755,HH_CAIA_mail vs HH_roleplay_mail,Counsellor
