condition,speaker_type,label,label_text,p_sat,p_regex,diff,abs_diff
HH_real_chat,Client,CL-O-*-*-O-*,Client: Other statements,0.2408930669800235,0.1357370095440085,0.105156057436015,0.105156057436015
HH_real_chat,Client,CL-IF-ACP-*-OE-*,Client: Own emotional expression,0.030160595377986682,0.06256627783669141,-0.03240568245870473,0.03240568245870473
HH_real_chat,Client,CL-IF-ACP-*-Cons-*,Client: Consent,0.17117117117117117,0.14236479321314952,0.028806377958021656,0.028806377958021656
HH_real_chat,Client,CL-IF-HP-*-Fail-*,Client: Final failure,0.008617312965139052,0.03128313891834571,-0.022665825953206653,0.022665825953206653
HH_real_chat,Client,CL-FB-*-*-*-*,Client: Formalities at the beginning and greeting,0.04700352526439483,0.030222693531283137,0.016780831733111692,0.016780831733111692
HH_real_chat,Counsellor,CO-FA-*-*-*-*,Counselor: Formalities at the beginning/Opening of the conversation,0.08803706823925864,0.040859564164648914,0.04717750407460972,0.04717750407460972
HH_real_chat,Counsellor,CO-O-*-*-O-*,Counselor: Other statements,0.14490311710193765,0.11713075060532688,0.027772366496610773,0.027772366496610773
HH_real_chat,Counsellor,CO-O-*-*-UCO-*,Counselor: Inappropriate remark,0.06486941870261162,0.0847457627118644,-0.019876344009252783,0.019876344009252783
HH_real_chat,Counsellor,CO-Mod-*-*-*-*,Counselor: Moderation,0.10741364785172704,0.12469733656174334,-0.0172836887100163,0.0172836887100163
HH_real_chat,Counsellor,CO-IF-AC-RF-RPD-*,Counselor: Request for personal data,0.03664700926705981,0.023305084745762712,0.0133419245212971,0.0133419245212971
HH_roleplay_chat,Client,CL-O-*-*-O-*,Client: Other statements,0.10825013137151865,0.05960729312762973,0.04864283824388892,0.04864283824388892
HH_roleplay_chat,Client,CL-IF-ACP-*-Cons-*,Client: Consent,0.22280609563846557,0.18302945301542778,0.03977664262303779,0.03977664262303779
HH_roleplay_chat,Client,CL-FB-*-*-*-*,Client: Formalities at the beginning and greeting,0.053599579611140306,0.030855539971949508,0.022744039639190798,0.022744039639190798
HH_roleplay_chat,Client,CL-IF-ACP-*-OE-*,Client: Own emotional expression,0.01208617971623752,0.030154277699859747,-0.018068097983622227,0.018068097983622227
HH_roleplay_chat,Client,CL-IF-ACP-*-Req-*,Client: General request,0.04046242774566474,0.05820476858345021,-0.01774234083778547,0.01774234083778547
HH_roleplay_chat,Counsellor,CO-FA-*-*-*-*,Counselor: Formalities at the beginning/Opening of the conversation,0.10227272727272728,0.05257239246556086,0.049700334807166416,0.049700334807166416
HH_roleplay_chat,Counsellor,CO-O-*-*-O-*,Counselor: Other statements,0.14624505928853754,0.10655046387405116,0.039694595414486375,0.039694595414486375
HH_roleplay_chat,Counsellor,CO-IF-AC-RF-RTP-*,"Counselor: Targeted, precise request",0.024703557312252964,0.05510261456283385,-0.030399057250580886,0.030399057250580886
HH_roleplay_chat,Counsellor,CO-Mod-*-*-*-*,Counselor: Moderation,0.12203557312252965,0.14422265954456,-0.022187086422030364,0.022187086422030364
HH_roleplay_chat,Counsellor,CO-FC-*-*-F-*,Counselor: Farewell,0.030632411067193676,0.018554962046668542,0.012077449020525134,0.012077449020525134
H_LLM_roleplay_chat,Client,CL-IF-AO-*-Obj-*,Client: Objective of the assignment,0.07770038261552045,0.119005247547342,-0.04130486493182155,0.04130486493182155
H_LLM_roleplay_chat,Client,CL-FB-*-*-*-*,Client: Formalities at the beginning and greeting,0.07004807220641616,0.029842573579739903,0.04020549862667626,0.04020549862667626
H_LLM_roleplay_chat,Client,CL-IF-ACP-*-PD-*,Client: Problem definition,0.09251447071519671,0.055441478439425054,0.037072992275771655,0.037072992275771655
H_LLM_roleplay_chat,Client,CL-IF-Mot-*-FC-*,"Client: Eliciting/Evoking ""Change-Talk"" (MI)",0.018738349847934856,0.05370750627424139,-0.03496915642630653,0.03496915642630653
H_LLM_roleplay_chat,Client,CL-O-*-*-O-*,Client: Other statements,0.028843323849700776,0.061966689482089894,-0.033123365632389115,0.033123365632389115
H_LLM_roleplay_chat,Counsellor,CO-O-*-*-O-*,Counselor: Other statements,0.14600878798974734,0.0856735130727282,0.060335274917019135,0.060335274917019135
H_LLM_roleplay_chat,Counsellor,CO-FA-*-*-*-*,Counselor: Formalities at the beginning/Opening of the conversation,0.08925302087147564,0.03883594108353295,0.050417079787942694,0.050417079787942694
H_LLM_roleplay_chat,Counsellor,CO-O-*-*-UCO-*,Counselor: Inappropriate remark,0.008421823507872574,0.029203404515570054,-0.020781581007697482,0.020781581007697482
H_LLM_roleplay_chat,Counsellor,CO-IF-AC-RF-SRx-*,Counselor: Simple reflection,0.0996887586964482,0.11742520768564293,-0.017736448989194742,0.017736448989194742
H_LLM_roleplay_chat,Counsellor,CO-IF-HP-*-ITFE-*,Counselor: Technical or factual explanations,0.0060417429512998905,0.020692115590438816,-0.014650372639138926,0.014650372639138926
