condition,speaker_type,n_conversations,mean_jsd,median_jsd,p90_jsd,max_jsd,outlier_thresh,outlier_count
HH_CAIA_mail,Client,36,0.47655093180293245,0.4743766589727964,0.5605793260828975,0.6414977624802904,0.6751921066380405,0
HH_CAIA_mail,Counsellor,36,0.45571697798402966,0.45248572773715584,0.5628348196311538,0.6823107369892645,0.7506033335946654,0
HH_real_chat,Client,53,0.3822961143773398,0.3844334410980679,0.45840775937014094,0.5614607033101763,0.5211078330083855,2
HH_real_chat,Counsellor,53,0.4657000939657138,0.4543425083125791,0.5558570762821481,0.6978846795113345,0.7089420251516585,0
HH_real_mail,Client,113,0.5628692873105247,0.5431164167070116,0.6810875544221313,0.8093178368163587,0.7157582796294334,9
HH_real_mail,Counsellor,113,0.49567972637595414,0.5076320975195106,0.5740711668408055,0.6702518990349197,0.7018520201583223,0
HH_roleplay_chat,Client,68,0.4600773420658789,0.4507180244283926,0.573443316804658,0.7306693856575179,0.6781986019906527,1
HH_roleplay_chat,Counsellor,68,0.497946251415095,0.4880764459717052,0.6416741880738871,0.7090962265090414,0.6840286100386024,3
HH_roleplay_mail,Client,63,0.4928289986758151,0.4911845381338535,0.5946984191512242,0.9014897364524165,0.7178961233281389,1
HH_roleplay_mail,Counsellor,63,0.4736478014094008,0.44898964548558307,0.6201868154764096,0.6465504374572717,0.6791667476724706,0
H_LLM_roleplay_chat,Client,414,0.5408365236813553,0.5420900097639443,0.619957016005232,0.7355412046090242,0.6965590568491467,5
H_LLM_roleplay_chat,Counsellor,414,0.5565105052970643,0.5593419618360795,0.6406809879913542,0.741296409998528,0.7306587382169255,1
