model,course,jsd_client,ci_lo,ci_hi,conversations,spans
GPT_OSS_120B,(all courses),0.361,0.336,0.401,90,2508
GPT_OSS_120B,KI und Soziale Arbeit (eb.KIT),0.384,0.355,0.435,37,1033
GPT_OSS_120B,KI und Soziale Arbeit OPEN,0.422,0.405,0.533,5,144
GPT_OSS_120B,QUOB26,0.361,0.33,0.412,48,1331
LLama3_3_70B,(all courses),0.524,0.501,0.553,238,5770
LLama3_3_70B,Fallpraxis WiSe 25_26,0.666,0.634,0.736,7,185
LLama3_3_70B,"Gesundheitsberatung, Master GF",0.582,0.555,0.634,18,379
LLama3_3_70B,Grüneberg Professionelle Beratung 1 (Juli 2025),0.499,0.479,0.526,112,2419
LLama3_3_70B,IKJ Testungen,0.637,0.612,0.728,6,120
LLama3_3_70B,Querschnitt Onlineberatung WiSe 25/26,0.599,0.577,0.628,90,2555
LLama3_3_70B,Telefonseelsorge Bamberg,0.558,0.526,0.66,5,112
Mixtral,(all courses),0.495,0.47,0.528,86,1915
Mixtral,Grüneberg - HDBA - Konzepte Beruflicher Beratung,0.549,0.523,0.595,31,596
Mixtral,Querschnitt Onlineberatung WiSe 24/25,0.478,0.454,0.516,55,1319
