month,speaker_type,baseline,n_sentences,jsd
2024-11,Client,HH_real_chat,1511,0.5056204878999926
2025-07,Client,HH_real_chat,2531,0.491842930094169
2025-12,Client,HH_real_chat,2410,0.5426241479787213
2026-01,Client,HH_real_chat,1886,0.4694654456813067
2026-05,Client,HH_real_chat,960,0.35734554536216867
2024-11,Client,HH_roleplay_chat,1511,0.41633469405922835
2025-07,Client,HH_roleplay_chat,2531,0.3979687316684069
2025-12,Client,HH_roleplay_chat,2410,0.4898000668816559
2026-01,Client,HH_roleplay_chat,1886,0.39901551919130823
2026-05,Client,HH_roleplay_chat,960,0.3382508454688264
2024-11,Counsellor,HH_real_chat,1690,0.2954959973286875
2025-07,Counsellor,HH_real_chat,2543,0.354446729861757
2025-12,Counsellor,HH_real_chat,2917,0.3135781147659432
2026-01,Counsellor,HH_real_chat,1967,0.2920914580594736
2026-05,Counsellor,HH_real_chat,869,0.33380404232386085
2024-11,Counsellor,HH_roleplay_chat,1690,0.18576130973866076
2025-07,Counsellor,HH_roleplay_chat,2543,0.33399744177320073
2025-12,Counsellor,HH_roleplay_chat,2917,0.24637282243738023
2026-01,Counsellor,HH_roleplay_chat,1967,0.20838437632089132
2026-05,Counsellor,HH_roleplay_chat,869,0.23018499820789012
