comparison,reference,speaker,n_comp_conv,n_ref_conv,jsd_rp,band_mean,band_p95,band_pctl_of_jsd,ratio_to_floor,nm_p95,exceeds_nm_p95,cramers_v
HH_roleplay_chat,HH_real_chat,Client,68,53,0.2422,0.1379,0.1704,100.0,1.8,0.1177,True,0.276
HH_roleplay_chat,HH_real_chat,Counselor,68,54,0.2978,0.1735,0.2046,100.0,1.7,0.1408,True,0.33
H_LLM_roleplay_chat,HH_real_chat,Client,414,53,0.4754,0.1372,0.1712,100.0,3.5,0.0937,True,0.501
H_LLM_roleplay_chat,HH_real_chat,Counselor,414,54,0.32,0.173,0.2048,100.0,1.8,0.1133,True,0.301
H_LLM_roleplay_chat [GPT_OSS_120B],HH_real_chat,Client,90,53,0.4114,0.1379,0.1677,100.0,3.0,0.11,True,0.457
H_LLM_roleplay_chat [GPT_OSS_120B],HH_real_chat,Counselor,90,54,0.3452,0.1737,0.2058,100.0,2.0,0.1315,True,0.387
H_LLM_roleplay_chat [LLama3_3_70B],HH_real_chat,Client,238,53,0.5214,0.1379,0.1698,100.0,3.8,0.0972,True,0.567
H_LLM_roleplay_chat [LLama3_3_70B],HH_real_chat,Counselor,238,54,0.3468,0.1746,0.2059,100.0,2.0,0.1172,True,0.351
H_LLM_roleplay_chat [Mixtral],HH_real_chat,Client,86,53,0.4904,0.1379,0.1703,100.0,3.6,0.1124,True,0.53
H_LLM_roleplay_chat [Mixtral],HH_real_chat,Counselor,86,54,0.3513,0.1732,0.2058,100.0,2.0,0.1342,True,0.394
HH_CAIA_mail,HH_roleplay_mail,Client,36,63,0.3447,0.267,0.3191,99.1,1.3,0.2616,True,0.37
HH_CAIA_mail,HH_roleplay_mail,Counselor,36,63,0.3724,0.2393,0.3018,100.0,1.6,0.2507,True,0.394
