idx,id,model,source,persona,n_msgs,decision,tier,reason
21,48,GPT_OSS_120B,E10.json,Jessica Bergmann,67,DROP,T1,"Sexual harassment of client ('sind sie nackig','sie schwein'), hits on 17yo"
27,68,GPT_OSS_120B,E10.json,Jessica Bergmann,25,DROP,T1,"Joke name 'Harta Tobak', contemptuous ('Ohren vollheulen'), 'verlassen sie mein Buero'"
63,1012,LLama3_3_70B,E04.json,Marlene Grafe,53,DROP,T1,"Sexual innuendo + quid-pro-quo Kita-Platz, absurd 'Stroh ist die antwort'"
66,1021,LLama3_3_70B,E04.json,Marlene Grafe,25,BORDERLINE,T2,lean KEEP: genuine good counseling + 2 dismissive comments ('das bisschen Haushalt')
67,1024,LLama3_3_70B,E04.json,Michael Schlosser,27,BORDERLINE,T2,lean DROP: lazy 'Ja/Ja/Ja' + mock blessing 'sei gott mit ihnen mein sohn'
103,1102,LLama3_3_70B,E04.json,Michael Schlosser,33,DROP,T1,"Genuine then breaks: 'Blechkuchen?','Ich leite einen Zirkus'"
130,1155,LLama3_3_70B,E04.json,Michael Schlosser,29,DROP,T1,"'sie sind doch bestimmt Alkoholiker','Sie langweilen mich','Tschoe mit Oe'"
138,1167,LLama3_3_70B,E04.json,Michael Schlosser,27,DROP,T1,Counselor turns are pasted AI output ('Berater (einfuehlsam):'+bullets) then '1' spam
146,1191,LLama3_3_70B,E04.json,Michael Schlosser,25,KEEP,T3,Joke counselor NAME only; otherwise fully competent genuine session
149,1196,LLama3_3_70B,E04.json,Michael Schlosser,38,KEEP,T3,Complete genuine session + 2 trailing post-session 'Test' messages
161,1251,LLama3_3_70B,E04.json,Marlene Grafe,31,BORDERLINE,T2,lean DROP: explicit bot-directing 'Tue so als haetten wir eine Stelle gefunden'
173,1560,LLama3_3_70B,E06.json,Jessica Bergmann,29,DROP,T1,"Sustained one-word mocking 'wow','stark','interessant', mocks bot repetition"
177,1565,LLama3_3_70B,E06.json,Jonas,36,DROP,T1,"Frustrated bot-testing, addresses it as 'KI', 'du bist nun geheilt jonas'"
245,1747,LLama3_3_70B,E08.json,Marco,28,KEEP,T3,Genuine session; one accidental copy-paste of client msg
259,1770,LLama3_3_70B,E08.json,Jessica Bergmann,44,KEEP,T3,Genuine high-quality session; abrupt end + duplicated final msg (platform)
292,382,Mixtral,E03.json,Eddie,33,KEEP,T3,CLEAN genuine session - agent MISATTRIBUTED artifact (caught in re-read)
304,433,Mixtral,E03.json,Frau Wolke,31,KEEP,T3,Genuine session; technical error + resend at the very end
314,483,Mixtral,E03.json,Jessica Bergmann,46,KEEP,T3,Genuine session; ends with '(Fehler beim Generieren der Nachricht)'
319,509,Mixtral,E03.json,Eddie,57,KEEP,T3,"Genuine session; client disconnect, unanswered counselor msgs at end"
342,552,Mixtral,E03.json,Elke,47,KEEP,T3,Genuine session; two truncated counselor messages (platform)
345,441,Mixtral,E03.json,Elke,31,BORDERLINE,T2,"lean KEEP: genuine session, one frame-break ('400 EUR fuer Erstberatung')"
